Theta[deg],Phi[deg],dB(GainTotal)
0,0,-4.82479
5,0,-4.97636
10,0,-4.81645
15,0,-4.36732
20,0,-3.73268
25,0,-3.03877
30,0,-2.38559
35,0,-1.8315
40,0,-1.39538
45,0,-1.06378
50,0,-0.80106
55,0,-0.564597
60,0,-0.322253
65,0,-0.0643342
70,0,0.196749
75,0,0.436784
80,0,0.631309
85,0,0.762249
90,0,0.819447
95,0,0.800002
100,0,0.708025
105,0,0.555642
110,0,0.363951
115,0,0.161044
120,0,-0.0257363
125,0,-0.182842
130,0,-0.322723
135,0,-0.48651
140,0,-0.733601
145,0,-1.12287
150,0,-1.69304
155,0,-2.44646
160,0,-3.33636
165,0,-4.25695
170,0,-5.04161
175,0,-5.49106
180,0,-5.4606
0,5,-4.82479
5,5,-4.94085
10,5,-4.6992
15,5,-4.13826
20,5,-3.39496
25,5,-2.62079
30,5,-1.92404
35,5,-1.35967
40,5,-0.938675
45,5,-0.639074
50,5,-0.417741
55,5,-0.225794
60,5,-0.0260991
65,5,0.194676
70,5,0.426214
75,5,0.644891
80,5,0.825709
85,5,0.949498
90,5,1.00498
95,5,0.988525
100,5,0.904176
105,5,0.764704
110,5,0.592281
115,5,0.415773
120,5,0.261921
125,5,0.141491
130,5,0.0372445
135,5,-0.0975371
140,5,-0.327323
145,5,-0.714936
150,5,-1.30199
155,5,-2.09274
160,5,-3.04087
165,5,-4.03809
170,5,-4.90938
175,5,-5.43865
180,5,-5.4606
0,10,-4.82479
5,10,-4.89488
10,10,-4.55071
15,10,-3.86365
20,10,-3.01336
25,10,-2.17271
30,10,-1.45018
35,10,-0.892258
40,10,-0.500705
45,10,-0.246234
50,10,-0.0801878
55,10,0.0511963
60,10,0.190228
65,10,0.355504
70,10,0.540864
75,10,0.724753
80,10,0.882208
85,10,0.992881
90,10,1.04408
95,10,1.03128
100,10,0.95848
105,10,0.8393
110,10,0.697126
115,10,0.561421
120,10,0.457677
125,10,0.392855
130,10,0.343917
135,10,0.25791
140,10,0.0650439
145,10,-0.301652
150,10,-0.887409
155,10,-1.7003
160,10,-2.69796
165,10,-3.7739
170,10,-4.74651
175,10,-5.37572
180,10,-5.4606
0,15,-4.82479
5,15,-4.84024
10,15,-4.38142
15,15,-3.56907
20,15,-2.62766
25,15,-1.74221
30,15,-1.01328
35,15,-0.475341
40,15,-0.120569
45,15,0.0863832
50,15,0.197653
55,15,0.269626
60,15,0.347974
65,15,0.455774
70,15,0.59134
75,15,0.736116
80,15,0.86613
85,15,0.960544
90,15,1.00565
95,15,0.996164
100,15,0.936009
105,15,0.839324
110,15,0.730159
115,15,0.637938
120,15,0.586566
125,15,0.579558
130,15,0.589158
135,15,0.55753
140,15,0.410553
145,15,0.0773524
150,15,-0.491514
155,15,-1.30952
160,15,-2.3412
165,15,-3.48675
170,15,-4.56295
175,15,-5.30426
180,15,-5.4606
0,20,-4.82479
5,20,-4.77896
10,20,-4.2013
15,20,-3.27542
20,20,-2.26607
25,20,-1.35975
30,20,-0.642925
35,20,-0.136097
40,20,0.178236
45,20,0.340739
50,20,0.40553
55,20,0.42926
60,20,0.458093
65,20,0.51712
70,20,0.607959
75,20,0.715337
80,20,0.817423
85,20,0.894202
90,20,0.931945
95,20,0.925066
100,20,0.877245
105,20,0.802404
110,20,0.724143
115,20,0.670901
120,20,0.664944
125,20,0.707653
130,20,0.768936
135,20,0.788499
140,20,0.689428
145,20,0.397311
150,20,-0.142058
155,20,-0.94875
160,20,-1.99636
165,20,-3.19572
170,20,-4.36831
175,20,-5.22645
180,20,-5.4606
0,25,-4.82479
5,25,-4.71311
10,25,-4.01912
15,25,-2.99806
20,25,-1.94624
25,25,-1.04228
30,25,-0.354826
35,25,0.110457
40,25,0.380895
45,25,0.502369
50,25,0.530247
55,25,0.519592
60,25,0.514108
65,25,0.537718
70,25,0.593186
75,25,0.668062
80,25,0.743621
85,25,0.802235
90,25,0.831518
95,25,0.82628
100,25,0.78979
105,25,0.734826
110,25,0.683262
115,25,0.661644
120,25,0.69086
125,25,0.771936
130,25,0.875159
135,25,0.940278
140,25,0.888981
145,25,0.643526
150,25,0.144416
155,25,-0.635853
160,25,-1.68113
165,25,-2.91557
170,25,-4.17116
175,25,-5.14453
180,25,-5.4606
0,30,-4.82479
5,30,-4.64475
10,30,-3.84205
15,30,-2.7472
20,30,-1.67763
25,30,-0.7973
30,30,-0.155482
35,30,0.257124
40,30,0.477925
45,30,0.558451
50,30,0.555345
55,30,0.521071
60,30,0.494626
65,30,0.495849
70,30,0.526171
75,30,0.574803
80,30,0.626419
85,30,0.666932
90,30,0.686563
95,30,0.681288
100,30,0.653994
105,30,0.615728
110,30,0.585854
115,30,0.588677
120,30,0.644332
125,30,0.755146
130,30,0.893862
135,30,1.0019
140,30,1.00026
145,30,0.807773
150,30,0.359225
155,30,-0.380688
160,30,-1.40644
165,30,-2.65678
170,30,-3.97866
175,30,-5.06069
180,30,-5.4606
0,35,-4.82479
5,35,-4.57579
10,35,-3.67557
15,35,-2.52874
20,35,-1.46372
25,35,-0.625838
30,35,-0.0450385
35,35,0.302501
40,35,0.464546
45,35,0.499063
50,35,0.464662
55,35,0.411139
60,35,0.37162
65,35,0.359825
70,35,0.37365
75,35,0.402385
80,35,0.433495
85,35,0.456677
90,35,0.4654
95,35,0.457415
100,35,0.435585
105,35,0.409388
110,35,0.395912
115,35,0.417806
120,35,0.495465
125,35,0.633659
130,35,0.808397
135,35,0.962952
140,35,1.0173
145,35,0.886418
150,35,0.49917
155,35,-0.187398
160,35,-1.17801
165,35,-2.42612
170,35,-3.79641
175,35,-4.97701
180,35,-5.4606
0,40,-4.82479
5,40,-4.50799
10,40,-3.52357
15,40,-2.3453
20,40,-1.30387
25,40,-0.524395
30,40,-0.0187803
35,40,0.250425
40,40,0.34152
45,40,0.319921
50,40,0.247474
55,40,0.172123
60,40,0.120994
65,40,0.100603
70,40,0.103665
75,40,0.117889
80,40,0.132283
85,40,0.139655
90,40,0.136556
95,40,0.122727
100,40,0.101537
105,40,0.0817597
110,40,0.0794706
115,40,0.117212
120,40,0.217059
125,40,0.38689
130,40,0.605501
135,40,0.816688
140,40,0.938024
145,40,0.879858
150,40,0.56515
155,40,-0.0560561
160,40,-0.997764
165,40,-2.22738
170,40,-3.62854
175,40,-4.89535
180,40,-5.4606
0,45,-4.82479
5,45,-4.44287
10,45,-3.38856
15,45,-2.19709
20,45,-1.19456
25,45,-0.486182
30,45,-0.0679044
35,45,0.110025
40,45,0.116408
45,45,0.0252544
50,45,-0.0965745
55,45,-0.2014
60,45,-0.267433
65,45,-0.295813
70,45,-0.300231
75,45,-0.296104
80,45,-0.294362
85,45,-0.300303
90,45,-0.315104
95,45,-0.337331
100,45,-0.362752
105,45,-0.382158
110,45,-0.378602
115,45,-0.327347
120,45,-0.202705
125,45,0.00688126
130,45,0.281728
135,45,0.56372
140,45,0.765795
145,45,0.792613
150,45,0.561421
155,45,0.0162436
160,45,-0.86489
165,45,-2.06209
170,45,-3.47789
175,45,-4.81736
180,45,-5.4606
0,50,-4.82479
5,50,-4.38172
10,50,-3.27191
15,50,-2.08261
20,50,-1.13037
25,50,-0.502007
30,50,-0.180086
35,50,-0.104262
40,50,-0.195558
45,50,-0.370219
50,50,-0.55416
55,50,-0.697752
60,50,-0.783411
65,50,-0.820185
70,50,-0.829345
75,50,-0.830893
80,50,-0.837122
85,50,-0.852705
90,50,-0.877612
95,50,-0.909408
100,50,-0.943046
105,50,-0.968011
110,50,-0.964584
115,50,-0.903216
120,50,-0.752182
125,50,-0.495318
130,50,-0.152108
135,50,0.214606
140,50,0.510542
145,50,0.633477
150,50,0.495162
155,50,0.0346503
160,50,-0.776636
165,50,-1.93005
170,50,-3.34619
175,50,-4.74443
180,50,-5.4606
0,55,-4.82479
5,55,-4.32556
10,55,-3.1741
15,55,-1.99926
20,55,-1.10473
25,55,-0.561053
30,55,-0.340192
35,55,-0.373192
40,55,-0.571608
45,55,-0.840994
50,55,-1.09767
55,55,-1.28753
60,55,-1.39596
65,55,-1.44041
70,55,-1.45114
75,55,-1.45412
80,55,-1.46399
85,55,-1.48553
90,55,-1.51814
95,55,-1.55901
100,55,-1.60275
105,55,-1.63739
110,55,-1.63943
115,55,-1.57247
120,55,-1.3964
125,55,-1.08902
130,55,-0.670193
135,55,-0.209678
140,55,0.188861
145,55,0.415298
150,55,0.376046
155,55,0.00601219
160,55,-0.728888
165,55,-1.82988
170,55,-3.23429
175,55,-4.6777
180,55,-5.4606
0,60,-4.82479
5,60,-4.27521
10,60,-3.09497
15,60,-1.94381
20,60,-1.11052
25,60,-0.651697
30,60,-0.53134
35,60,-0.674019
40,60,-0.982988
45,60,-1.35275
50,60,-1.68813
55,60,-1.92827
60,60,-2.06072
65,60,-2.11222
70,60,-2.12345
75,60,-2.12721
80,60,-2.14043
85,60,-2.1674
90,60,-2.2064
95,60,-2.25425
100,60,-2.30581
105,60,-2.3487
110,60,-2.35632
115,60,-2.28541
120,60,-2.08643
125,60,-1.72986
130,60,-1.23535
135,60,-0.679914
140,60,-0.177287
145,60,0.154171
150,60,0.215671
155,60,-0.0616037
160,60,-0.716609
165,60,-1.75937
170,60,-3.14235
175,60,-4.61806
180,60,-5.4606
0,65,-4.82479
5,65,-4.23123
10,65,-3.03387
15,65,-1.91276
20,65,-1.14065
25,65,-0.762395
30,65,-0.736325
35,65,-0.982649
40,65,-1.39803
45,65,-1.86668
50,65,-2.28141
55,65,-2.57367
60,65,-2.73292
65,65,-2.79591
70,65,-2.81424
75,65,-2.82695
80,65,-2.85168
85,65,-2.88998
90,65,-2.93703
95,65,-2.98833
100,65,-3.03955
105,65,-3.0798
110,65,-3.08217
115,65,-2.99937
120,65,-2.7744
125,65,-2.37069
130,65,-1.80622
135,65,-1.16305
140,65,-0.563085
145,65,-0.131916
150,65,0.0268145
155,65,-0.159388
160,65,-0.734223
165,65,-1.71578
170,65,-3.07
175,65,-4.56616
180,65,-5.4606
0,70,-4.82479
5,70,-4.19401
10,70,-2.98984
15,70,-1.90261
20,70,-1.18853
25,70,-0.88258
30,70,-0.939253
35,70,-1.27637
40,70,-1.78629
45,70,-2.3453
50,70,-2.83614
55,70,-3.18354
60,70,-3.379
65,70,-3.46831
70,70,-3.51212
75,70,-3.55325
80,70,-3.60719
85,70,-3.66966
90,70,-3.72986
95,70,-3.78017
100,70,-3.81721
105,70,-3.83379
110,70,-3.8068
115,70,-3.69036
120,70,-3.42564
125,70,-2.97225
130,70,-2.34536
135,70,-1.62746
140,70,-0.943925
145,70,-0.424725
150,70,-0.177422
155,70,-0.278277
160,70,-0.77594
165,70,-1.69608
170,70,-3.01652
175,70,-4.52245
180,70,-5.4606
0,75,-4.82479
5,75,-4.16373
10,75,-2.96176
15,75,-1.91013
20,75,-1.24848
25,75,-1.00344
30,75,-1.12706
35,75,-1.5365
40,75,-2.12262
45,75,-2.75787
50,75,-3.31952
55,75,-3.72878
60,75,-3.97863
65,75,-4.12003
70,75,-4.21785
75,75,-4.31491
80,75,-4.42167
85,75,-4.52529
90,75,-4.60597
95,75,-4.65058
100,75,-4.6561
105,75,-4.62104
110,75,-4.53069
115,75,-4.34765
120,75,-4.0194
125,75,-3.50755
130,75,-2.82428
135,75,-2.04704
140,75,-1.29807
145,75,-0.7073
150,75,-0.384462
155,75,-0.409436
160,75,-0.83606
165,75,-1.69719
170,75,-2.98095
175,75,-4.48718
180,75,-5.4606
0,80,-4.82479
5,80,-4.14043
10,80,-2.94845
15,80,-1.93246
20,80,-1.31594
25,80,-1.11844
30,80,-1.29057
35,80,-1.75032
40,80,-2.38998
45,80,-3.08333
50,80,-3.70875
55,80,-4.18824
60,80,-4.51481
65,80,-4.73824
70,80,-4.92089
75,80,-5.10133
80,80,-5.28313
85,80,-5.44338
90,80,-5.55094
95,80,-5.5846
100,80,-5.54067
105,80,-5.42516
110,80,-5.23666
115,80,-4.95352
120,80,-4.53746
125,80,-3.95755
130,80,-3.22333
135,80,-2.40258
140,80,-1.60811
145,80,-0.965055
150,80,-0.582967
155,80,-0.544711
160,80,-0.909249
165,80,-1.71612
170,80,-2.96217
175,80,-4.46043
180,80,-5.4606
0,85,-4.82479
5,85,-4.12403
10,85,-2.9487
15,85,-1.96723
20,85,-1.38763
25,85,-1.22355
30,85,-1.42489
35,85,-1.91162
40,85,-2.58011
45,85,-3.31038
50,85,-3.98829
55,85,-4.54085
60,85,-4.95943
65,85,-5.28603
70,85,-5.57363
75,85,-5.8527
80,85,-6.11902
85,85,-6.33999
90,85,-6.47308
95,85,-6.48816
100,85,-6.38075
105,85,-6.16625
110,85,-5.8604
115,85,-5.46174
120,85,-4.94977
125,85,-4.30282
130,85,-3.52766
135,85,-2.68039
140,85,-1.86096
145,85,-1.18627
150,85,-0.763374
155,85,-0.677027
160,85,-0.990789
165,85,-1.7501
170,85,-2.959
175,85,-4.44216
180,85,-5.4606
0,90,-4.82479
5,90,-4.11431
10,90,-2.96134
15,90,-2.01258
20,90,-1.46151
25,90,-1.31706
30,90,-1.52902
35,90,-2.02011
40,90,-2.69248
45,90,-3.43566
50,90,-4.14705
55,90,-4.76115
60,90,-5.26652
65,90,-5.69289
70,90,-6.07886
75,90,-6.44373
80,90,-6.77568
85,90,-7.03589
90,90,-7.17583
95,90,-7.16161
100,90,-6.9908
105,90,-6.68826
110,90,-6.2845
115,90,-5.7943
120,90,-5.21073
125,90,-4.51893
130,90,-3.72332
135,90,-2.87013
140,90,-2.04718
145,90,-1.36222
150,90,-0.918264
155,90,-0.800726
160,90,-1.07678
165,90,-1.79673
170,90,-2.97026
175,90,-4.43216
180,90,-5.4606
0,95,-4.82479
5,95,-4.11096
10,95,-2.98527
15,95,-2.06709
20,95,-1.53661
25,95,-1.3992
30,95,-1.60508
35,95,-2.07997
40,95,-2.73234
45,95,-3.46204
50,95,-4.17865
55,95,-4.82403
60,95,-5.38297
65,95,-5.87153
70,95,-6.31221
75,95,-6.7125
80,95,-7.05558
85,95,-7.3042
90,95,-7.41639
95,95,-7.3665
100,95,-7.15859
105,95,-6.82101
110,95,-6.38627
115,95,-5.87173
120,95,-5.27393
125,95,-4.581
130,95,-3.79717
135,95,-2.96374
140,95,-2.1604
145,95,-1.48717
150,95,-1.04266
155,95,-0.911828
160,95,-1.1643
165,95,-1.85401
170,95,-2.99478
175,95,-4.43014
180,95,-5.4606
0,100,-4.82479
5,100,-4.11357
10,100,-3.01943
15,100,-2.12978
20,100,-1.61285
25,100,-1.47165
30,100,-1.65724
35,100,-2.09821
40,100,-2.70877
45,100,-3.3978
50,100,-4.0849
55,100,-4.71716
60,100,-5.27516
65,100,-5.76301
70,100,-6.19004
75,100,-6.55584
80,100,-6.84478
85,100,-7.03094
90,100,-7.09044
95,100,-7.01423
100,100,-6.81287
105,100,-6.50922
110,100,-6.12387
115,100,-5.6631
120,100,-5.11762
125,100,-4.47501
130,100,-3.74109
135,100,-2.95676
140,100,-2.19778
145,100,-1.55874
150,100,-1.13428
155,100,-1.00822
160,100,-1.25147
165,100,-1.92036
170,100,-3.03145
175,100,-4.4357
180,100,-5.4606
0,105,-4.82479
5,105,-4.12168
10,105,-3.06284
15,105,-2.19995
20,105,-1.69072
25,105,-1.53699
30,105,-1.69089
35,105,-2.08347
40,105,-2.63341
45,105,-3.2564
50,105,-3.87911
55,105,-4.45196
60,105,-4.95269
65,105,-5.37843
70,105,-5.73238
75,105,-6.01342
80,105,-6.21341
85,105,-6.32166
90,105,-6.33245
95,105,-6.25001
100,105,-6.0871
105,105,-5.85754
110,105,-5.56691
115,105,-5.20702
120,105,-4.75908
125,105,-4.20725
130,105,-3.55765
135,105,-2.85124
140,105,-2.16133
145,105,-1.57844
150,105,-1.19379
155,105,-1.0897
160,105,-1.33745
165,105,-1.99462
170,105,-3.07919
175,105,-4.44834
180,105,-5.4606
0,110,-4.82479
5,110,-4.13474
10,110,-3.11448
15,110,-2.27711
20,110,-1.77114
25,110,-1.59829
30,110,-1.71204
35,110,-2.04529
40,110,-2.51989
45,110,-3.05639
50,110,-3.58661
55,110,-4.06443
60,110,-4.46834
65,110,-4.79496
70,110,-5.04833
75,110,-5.23171
80,110,-5.34557
85,110,-5.39059
90,110,-5.37153
95,110,-5.29813
100,110,-5.18175
105,110,-5.02896
110,110,-4.83533
115,110,-4.58312
120,110,-4.24651
125,110,-3.80548
130,110,-3.26351
135,110,-2.65843
140,110,-2.05929
145,110,-1.55215
150,110,-1.22482
155,110,-1.1579
160,110,-1.42237
165,110,-2.07599
170,110,-3.13695
175,110,-4.4675
180,110,-5.4606
0,115,-4.82479
5,115,-4.15214
10,115,-3.17334
15,115,-2.36082
20,115,-1.85512
25,115,-1.65884
30,115,-1.72699
35,115,-1.99391
40,115,-2.38375
45,115,-2.82084
50,115,-3.24206
55,115,-3.60646
60,115,-3.89725
65,115,-4.11513
70,115,-4.26819
75,115,-4.36451
80,115,-4.4103
85,115,-4.41182
90,115,-4.37749
95,115,-4.31748
100,115,-4.2405
105,115,-4.14873
110,115,-4.03335
115,115,-3.87338
120,115,-3.64079
125,115,-3.31299
130,115,-2.88889
135,115,-2.3996
140,115,-1.90672
145,115,-1.49014
150,115,-1.2337
155,115,-1.21597
160,115,-1.50702
165,115,-2.16391
170,115,-3.20366
175,115,-4.49253
180,115,-5.4606
0,120,-4.82479
5,120,-4.17322
10,120,-3.23834
15,120,-2.4506
20,120,-1.94362
25,120,-1.72182
30,120,-1.74212
35,120,-1.94022
40,120,-2.24227
45,120,-2.5764
50,120,-2.88527
55,120,-3.13497
60,120,-3.31547
65,120,-3.43275
70,120,-3.49861
75,120,-3.52404
80,120,-3.51785
85,120,-3.48813
90,120,-3.44364
95,120,-3.39328
100,120,-3.34335
105,120,-3.29391
110,120,-3.23533
115,120,-3.14751
120,120,-3.0038
125,120,-2.78109
130,120,-2.47369
135,120,-2.10412
140,120,-1.72425
145,120,-1.40612
150,120,-1.22869
155,120,-1.26802
160,120,-1.59265
165,120,-2.25787
170,120,-3.2782
175,120,-4.52271
180,120,-5.4606
0,125,-4.82479
5,125,-4.19725
10,125,-3.30828
15,125,-2.54575
20,125,-2.03727
25,125,-1.79004
30,125,-1.76356
35,125,-1.8953
40,125,-2.11369
45,125,-2.35106
50,125,-2.55646
55,125,-2.70344
60,125,-2.78841
65,125,-2.82139
70,125,-2.81621
75,125,-2.7849
80,125,-2.73704
85,125,-2.68106
90,125,-2.62524
95,125,-2.57719
100,125,-2.54186
105,125,-2.51869
110,125,-2.49908
115,125,-2.46548
120,125,-2.39409
125,125,-2.26257
130,125,-2.06149
135,125,-1.80516
140,125,-1.53532
145,125,-1.31537
150,125,-1.21875
155,125,-1.31837
160,125,-1.68048
165,125,-2.35733
170,125,-3.35934
175,125,-4.55726
180,125,-5.4606
0,130,-4.82479
5,130,-4.22348
10,130,-3.38181
15,130,-2.64526
20,130,-2.13612
25,130,-1.86548
30,130,-1.79646
35,130,-1.86918
40,130,-2.01495
45,130,-2.17041
50,130,-2.29058
55,130,-2.35518
60,130,-2.3651
65,130,-2.33255
70,130,-2.27188
75,130,-2.19525
80,130,-2.11238
85,130,-2.03177
90,130,-1.96142
95,130,-1.90837
100,130,-1.87722
105,130,-1.86784
110,130,-1.87322
115,130,-1.87852
120,130,-1.86276
125,130,-1.80473
130,130,-1.69255
135,130,-1.53399
140,130,-1.36208
145,130,-1.23217
150,130,-1.212
155,130,-1.37075
160,130,-1.7713
165,130,-2.46144
170,130,-3.44572
175,130,-4.59532
180,130,-5.4606
0,135,-4.82479
5,135,-4.2511
10,135,-3.45739
15,135,-2.74767
20,135,-2.2394
25,135,-1.94872
30,135,-1.84385
35,135,-1.86877
40,135,-1.95819
45,135,-2.0525
50,135,-2.11086
55,135,-2.11654
60,135,-2.07248
65,135,-1.9915
70,135,-1.88802
75,135,-1.77444
80,135,-1.66093
85,135,-1.55645
90,135,-1.46927
95,135,-1.40659
100,135,-1.37322
105,135,-1.36968
110,135,-1.39023
115,135,-1.42187
120,135,-1.44565
125,135,-1.44146
130,135,-1.39628
135,135,-1.31384
140,135,-1.22107
145,135,-1.16699
150,135,-1.21411
155,135,-1.42736
160,135,-1.86513
165,135,-2.56898
170,135,-3.53577
175,135,-4.63601
180,135,-5.4606
0,140,-4.82479
5,140,-4.27927
10,140,-3.53328
15,140,-2.85093
20,140,-2.34522
25,140,-2.03834
30,140,-1.90529
35,140,-1.89528
40,140,-1.9467
45,140,-2.00226
50,140,-2.02229
55,140,-1.99023
60,140,-1.90861
65,140,-1.79012
70,140,-1.65004
75,140,-1.50244
80,140,-1.35939
85,140,-1.23144
90,140,-1.12779
95,140,-1.05597
100,140,-1.02065
105,140,-1.02199
110,140,-1.05408
115,140,-1.10422
120,140,-1.15436
125,140,-1.1854
130,140,-1.18465
135,140,-1.15463
140,140,-1.11941
145,140,-1.1241
150,140,-1.22695
155,140,-1.48832
160,140,-1.96084
165,140,-2.67816
170,140,-3.62769
175,140,-4.67836
180,140,-5.4606
0,145,-4.82479
5,145,-4.30715
10,145,-3.60749
15,145,-2.95242
20,145,-2.45039
25,145,-2.13046
30,145,-1.97582
35,145,-1.94218
40,145,-1.97159
45,145,-2.00719
50,145,-2.007
55,145,-1.9509
60,145,-1.83887
65,145,-1.68378
70,145,-1.50397
75,145,-1.31819
80,145,-1.14309
85,145,-0.992382
90,145,-0.876577
95,145,-0.802712
100,145,-0.773628
105,145,-0.786988
110,145,-0.834455
115,145,-0.901774
120,145,-0.970623
125,145,-1.02297
130,145,-1.04795
135,145,-1.04967
140,145,-1.05252
145,145,-1.10021
150,145,-1.24791
155,145,-1.55125
160,145,-2.05608
165,145,-2.78662
170,145,-3.71946
175,145,-4.72141
180,145,-5.4606
0,150,-4.82479
5,150,-4.33388
10,150,-3.67787
15,150,-3.04886
20,150,-2.55044
25,150,-2.21862
30,150,-2.04565
35,150,-1.99454
40,150,-2.01082
45,150,-2.03632
50,150,-2.02366
55,150,-1.94617
60,150,-1.80008
65,150,-1.60002
70,150,-1.37094
75,150,-1.13999
80,150,-0.930853
85,150,-0.761058
90,150,-0.641541
95,150,-0.57703
100,150,-0.56639
105,150,-0.60272
110,150,-0.673516
115,150,-0.761604
120,150,-0.847641
125,150,-0.914719
130,150,-0.954855
135,150,-0.975696
140,150,-1.00426
145,150,-1.08473
150,150,-1.27016
155,150,-1.61154
160,150,-2.14733
165,150,-2.89142
170,150,-3.80885
175,150,-4.76415
180,150,-5.4606
0,155,-4.82479
5,155,-4.35863
10,155,-3.74207
15,155,-3.13646
20,155,-2.63983
25,155,-2.29436
30,155,-2.10125
35,155,-2.03091
40,155,-2.03212
45,155,-2.04448
50,155,-2.01381
55,155,-1.90605
60,155,-1.71478
65,155,-1.45939
70,155,-1.17478
75,155,-0.898311
80,155,-0.660254
85,155,-0.480053
90,155,-0.366755
95,155,-0.320973
100,155,-0.33665
105,155,-0.402146
110,155,-0.501052
115,155,-0.613586
120,155,-0.719479
125,155,-0.802837
130,155,-0.858455
135,155,-0.897621
140,155,-0.950387
145,155,-1.062
150,155,-1.28399
155,155,-1.66301
160,155,-2.23024
165,155,-2.98915
170,155,-3.89343
175,155,-4.8056
180,155,-5.4606
0,160,-4.82479
5,160,-4.3806
10,160,-3.79765
15,160,-3.21105
20,160,-2.71239
25,160,-2.34834
30,160,-2.1279
35,160,-2.02815
40,160,-2.00081
45,160,-1.9836
50,160,-1.91683
55,160,-1.76178
60,160,-1.5133
65,160,-1.19886
70,160,-0.863842
75,160,-0.553173
80,160,-0.299479
85,160,-0.120181
90,160,-0.0200245
95,160,0.00504693
100,160,-0.0350677
105,160,-0.126182
110,160,-0.250572
115,160,-0.388053
120,160,-0.518574
125,160,-0.626975
130,160,-0.709282
135,160,-0.778291
140,160,-0.865255
145,160,-1.01556
150,160,-1.27918
155,160,-1.69909
160,160,-2.30006
165,160,-3.07613
170,160,-3.97068
175,160,-4.84479
180,160,-5.4606
0,165,-4.82479
5,165,-4.39908
10,165,-3.84219
15,165,-3.26833
20,165,-2.76199
25,165,-2.37207
30,165,-2.11334
35,165,-1.96818
40,165,-1.89103
45,165,-1.81924
50,165,-1.69161
55,165,-1.47064
60,165,-1.15776
65,165,-0.789843
70,165,-0.41916
75,165,-0.0919871
80,165,0.162444
85,165,0.332283
90,165,0.418158
95,165,0.427805
100,165,0.372506
105,165,0.265685
110,165,0.122894
115,165,-0.0382092
120,165,-0.199407
125,165,-0.346
130,165,-0.473046
135,165,-0.591457
140,165,-0.730365
145,165,-0.933164
150,165,-1.24776
155,165,-1.71419
160,165,-2.35229
165,165,-3.14859
170,165,-4.03806
175,165,-4.88081
180,165,-5.4606
0,170,-4.82479
5,170,-4.41341
10,170,-3.87338
15,170,-3.30419
20,170,-2.78324
25,170,-2.35946
30,170,-2.05103
35,170,-1.84408
40,170,-1.69569
45,170,-1.54525
50,170,-1.33537
55,170,-1.03632
60,170,-0.659802
65,170,-0.250136
70,170,0.139552
75,170,0.468
80,170,0.713523
85,170,0.871326
90,170,0.946808
95,170,0.949462
100,170,0.889357
105,170,0.776399
110,170,0.621432
115,170,0.437574
120,170,0.240042
125,170,0.0431373
130,170,-0.145684
135,170,-0.332625
140,170,-0.54146
145,170,-0.811083
150,170,-1.1863
155,170,-1.70476
160,170,-2.38317
165,170,-3.20297
170,170,-4.09313
175,170,-4.91284
180,170,-5.4606
0,175,-4.82479
5,175,-4.42308
10,175,-3.88917
15,175,-3.31496
20,175,-2.77206
25,175,-2.30783
30,175,-1.94181
35,175,-1.66243
40,175,-1.42957
45,175,-1.18731
50,175,-0.886842
55,175,-0.510439
60,175,-0.0800708
65,175,0.356876
70,175,0.752037
75,175,1.07298
80,175,1.30682
85,175,1.45512
90,175,1.5263
95,175,1.52957
100,175,1.47201
105,175,1.3588
110,175,1.19533
115,175,0.989816
120,175,0.754168
125,175,0.502059
130,175,0.243616
135,175,-0.0217169
140,175,-0.310599
145,175,-0.655461
150,175,-1.09676
155,175,-1.66987
160,175,-2.38996
165,175,-3.2361
170,175,-4.13368
175,175,-4.94018
180,175,-5.4606
0,180,-4.82479
5,180,-4.42772
10,180,-3.88789
15,180,-3.29775
20,180,-2.72597
25,180,-2.2179
30,180,-1.79289
35,180,-1.44046
40,180,-1.12345
45,180,-0.792678
50,180,-0.410603
55,180,0.0281315
60,180,0.494638
65,180,0.943416
70,180,1.33428
75,180,1.6444
80,180,1.86847
85,180,2.01221
90,180,2.08487
95,180,2.09379
100,180,2.04245
105,180,1.93154
110,180,1.76197
115,180,1.53796
120,180,1.26861
125,180,0.966631
130,180,0.643804
135,180,0.304195
140,180,-0.0620389
145,180,-0.480218
150,180,-0.985506
155,180,-1.61081
160,180,-2.37105
165,180,-3.24541
170,180,-4.15785
175,180,-4.96227
180,180,-5.4606
0,185,-4.82479
5,185,-4.42713
10,185,-3.8684
15,185,-3.25059
20,185,-2.64398
25,185,-2.09272
30,185,-1.61482
35,185,-1.19966
40,185,-0.812897
45,185,-0.412919
50,185,0.0266092
55,185,0.501724
60,185,0.981683
65,185,1.42688
70,185,1.80637
75,185,2.10546
80,185,2.32363
85,185,2.46794
90,185,2.54629
95,185,2.56324
100,185,2.51896
105,185,2.41103
110,185,2.23769
115,185,2.00089
120,185,1.70791
125,185,1.37033
130,185,1.00013
135,185,0.603693
140,185,0.175941
145,185,-0.302314
150,185,-0.860883
155,185,-1.53012
160,185,-2.32565
165,185,-3.229
170,185,-4.16426
175,185,-4.97872
180,185,-5.4606
0,190,-4.82479
5,190,-4.42129
10,190,-3.83018
15,190,-3.1726
20,190,-2.52634
25,190,-1.93605
30,190,-1.4176
35,190,-0.958799
40,190,-0.527438
45,190,-0.0889563
50,190,0.374209
55,190,0.853717
60,190,1.32218
65,190,1.74856
70,190,2.11066
75,190,2.39917
80,190,2.61497
85,190,2.76352
90,190,2.8497
95,190,2.87492
100,190,2.83704
105,190,2.73231
110,190,2.5584
115,190,2.31695
120,190,2.01461
125,190,1.66182
130,190,1.26928
135,190,0.842998
140,190,0.379574
145,190,-0.13633
150,190,-0.730192
155,190,-1.43018
160,190,-2.25351
165,190,-3.18574
170,190,-4.1521
175,190,-4.98934
180,190,-5.4606
0,195,-4.82479
5,195,-4.41038
10,195,-3.77341
15,195,-3.06402
20,195,-2.37407
25,195,-1.75091
30,195,-1.20755
35,195,-0.728797
40,195,-0.283505
45,195,0.15742
50,195,0.606381
55,195,1.05595
60,195,1.48661
65,195,1.8777
70,195,2.21463
75,195,2.49063
80,195,2.70475
85,195,2.85833
90,195,2.9521
95,195,2.9846
100,195,2.95259
105,195,2.85281
110,195,2.6842
115,195,2.44966
120,195,2.15615
125,195,1.81283
130,195,1.42766
135,195,1.00365
140,195,0.535851
145,195,0.0099001
150,195,-0.597117
155,195,-1.31205
160,195,-2.1545
165,195,-3.1153
170,195,-4.12123
175,195,-4.99417
180,195,-5.4606
0,200,-4.82479
5,200,-4.39478
10,200,-3.69901
15,200,-2.92626
20,200,-2.18878
25,200,-1.53872
30,200,-0.985733
35,200,-0.510443
40,200,-0.0816151
45,200,0.326278
50,200,0.723941
55,200,1.10915
60,200,1.47373
65,200,1.80889
70,200,2.10713
75,200,2.36235
80,200,2.56954
85,200,2.72447
90,200,2.82326
95,200,2.86218
100,200,2.83803
105,200,2.74928
110,200,2.59731
115,200,2.38697
120,200,2.12553
125,200,1.8201
130,200,1.47433
135,200,1.08589
140,200,0.645618
145,200,0.13761
150,200,-0.460358
155,200,-1.17486
160,200,-2.02852
165,200,-3.01819
170,200,-4.07223
175,200,-4.99344
180,200,-5.4606
0,205,-4.82479
5,205,-4.37507
10,205,-3.60866
15,205,-2.76179
20,205,-1.97257
25,205,-1.29939
30,205,-0.748259
35,205,-0.294921
40,205,0.0928507
45,205,0.438531
50,205,0.753258
55,205,1.04216
60,205,1.31023
65,205,1.56203
70,205,1.7982
75,205,2.01368
80,205,2.19953
85,205,2.34607
90,205,2.44524
95,205,2.4916
100,205,2.48257
105,205,2.41859
110,205,2.30322
115,205,2.14239
120,205,1.94224
125,205,1.70603
130,205,1.43128
135,205,1.10876
140,205,0.723611
145,205,0.257002
150,205,-0.313847
155,205,-1.01605
160,205,-1.87568
165,205,-2.89583
170,205,-4.00638
175,205,-4.98762
180,205,-5.4606
0,210,-4.82479
5,210,-4.35203
10,210,-3.50469
15,210,-2.5742
20,210,-1.72833
25,210,-1.03229
30,210,-0.48828
35,210,-0.0669045
40,210,0.265672
45,210,0.53175
50,210,0.743188
55,210,0.911691
60,210,1.05451
65,210,1.19021
70,210,1.33019
75,210,1.47425
80,210,1.61311
85,210,1.73435
90,210,1.82734
95,210,1.8854
100,210,1.90595
105,210,1.88994
110,210,1.84066
115,210,1.76206
120,210,1.65598
125,210,1.51923
130,210,1.34175
135,210,1.10718
140,210,0.795357
145,210,0.384651
150,210,-0.148579
155,210,-0.832453
160,210,-1.69665
165,210,-2.75058
170,210,-3.92567
175,210,-4.97738
180,210,-5.4606
0,215,-4.82479
5,215,-4.32658
10,215,-3.39006
15,215,-2.36802
20,215,-1.46
25,215,-0.737641
30,215,-0.199093
35,215,0.190285
40,215,0.466591
45,215,0.651641
50,215,0.757159
55,215,0.798171
60,215,0.799951
65,215,0.792865
70,215,0.80118
75,215,0.835554
80,215,0.893783
85,215,0.966901
90,215,1.0452
95,215,1.12133
100,215,1.19078
105,215,1.25102
110,215,1.30016
115,215,1.33511
120,215,1.34943
125,215,1.33146
130,215,1.26383
135,215,1.12472
140,215,0.890727
145,215,0.538704
150,215,0.0443711
155,215,-0.621758
160,215,-1.49322
165,215,-2.58578
170,215,-3.83272
175,215,-4.9636
180,215,-5.4606
0,220,-4.82479
5,220,-4.29982
10,220,-3.26824
15,220,-2.14864
20,220,-1.1729
25,220,-0.417919
30,220,0.122559
35,220,0.488629
40,220,0.719694
45,220,0.838421
50,220,0.856143
55,220,0.787942
60,220,0.661363
65,220,0.512943
70,220,0.377729
75,220,0.280438
80,220,0.233142
85,220,0.238185
90,220,0.292178
95,220,0.388473
100,220,0.518126
105,220,0.67027
110,220,0.832338
115,220,0.989984
120,220,1.12658
125,220,1.2226
130,220,1.25558
135,220,1.20113
140,220,1.03479
145,220,0.732944
150,220,0.270522
155,220,-0.384064
160,220,-1.26872
165,220,-2.40571
170,220,-3.73069
175,220,-4.9473
180,220,-5.4606
0,225,-4.82479
5,225,-4.27291
10,225,-3.14303
15,225,-1.92214
20,225,-0.873783
25,225,-0.0786816
30,225,0.474157
35,225,0.830504
40,225,1.0344
45,225,1.11155
50,225,1.07441
55,225,0.937492
60,225,0.727259
65,225,0.480937
70,225,0.238391
75,225,0.0341835
80,225,-0.106349
85,225,-0.167746
90,225,-0.144273
95,225,-0.0398855
100,225,0.132587
105,225,0.353689
110,225,0.600329
115,225,0.848181
120,225,1.07276
125,225,1.24939
130,225,1.35287
135,225,1.3577
140,225,1.23885
145,225,0.971799
150,225,0.529545
155,225,-0.122802
160,225,-1.0282
165,225,-2.21547
170,225,-3.62314
175,225,-4.92963
180,225,-5.4606
0,230,-4.82479
5,230,-4.24712
10,230,-3.01849
15,230,-1.69505
20,230,-0.570652
25,230,0.271433
30,230,0.846897
35,230,1.20704
40,230,1.40152
45,230,1.4613
50,230,1.40246
55,230,1.24066
60,230,1.00152
65,230,0.720908
70,230,0.438499
75,230,0.190823
80,230,0.00718542
85,230,-0.0920072
90,230,-0.0964196
95,230,-0.00690194
100,230,0.164696
105,230,0.397837
110,230,0.666893
115,230,0.944354
120,230,1.2026
125,230,1.41428
130,230,1.55199
135,230,1.58833
140,230,1.49623
145,230,1.24854
150,230,0.814679
155,230,0.155225
160,230,-0.778228
165,230,-2.02081
170,230,-3.51395
175,230,-4.91184
180,230,-5.4606
0,235,-4.82479
5,235,-4.22373
10,235,-2.89875
15,235,-1.47408
20,235,-0.272308
25,235,0.621506
30,235,1.22712
35,235,1.60046
40,235,1.79679
45,235,1.85351
50,235,1.79225
55,235,1.6317
60,235,1.39789
65,235,1.12539
70,235,0.851609
75,235,0.61004
80,235,0.426405
85,235,0.317849
90,235,0.293288
95,235,0.353493
100,235,0.49113
105,235,0.691523
110,235,0.934296
115,235,1.19524
120,235,1.44771
125,235,1.66323
130,235,1.81189
135,235,1.86289
140,235,1.78527
145,235,1.5475
150,235,1.11413
155,235,0.440643
160,235,-0.526518
165,235,-1.82783
170,235,-3.40711
175,235,-4.89524
180,235,-5.4606
0,240,-4.82479
5,240,-4.20401
10,240,-2.7879
15,240,-1.26588
20,240,0.0122002
25,240,0.959602
30,240,1.59889
35,240,1.98899
40,240,2.18959
45,240,2.24433
50,240,2.18106
55,240,2.0225
60,240,1.79602
65,240,1.53555
70,240,1.27643
75,240,1.04874
80,240,0.873495
85,240,0.762949
90,240,0.722856
95,240,0.754313
100,240,0.854173
105,240,1.01455
110,240,1.22224
115,240,1.45855
120,240,1.69938
125,240,1.91573
130,240,2.07459
135,240,2.1406
140,240,2.07766
145,240,1.8489
150,240,1.4137
155,240,0.722812
160,240,-0.281284
165,240,-1.64279
170,240,-3.30665
175,240,-4.8811
180,240,-5.4606
0,245,-4.82479
5,245,-4.18917
10,245,-2.68988
15,245,-1.07684
20,245,0.274125
25,245,1.27405
30,245,1.94675
35,245,2.35203
40,245,2.55197
45,245,2.59519
50,245,2.51535
55,245,2.33959
60,245,2.09745
65,245,1.82349
70,245,1.55299
75,245,1.31535
80,245,1.12995
85,245,1.00672
90,245,0.949554
95,245,0.959566
100,245,1.03615
105,245,1.17601
110,245,1.37111
115,245,1.60663
120,245,1.8597
125,245,2.09931
130,245,2.28799
135,245,2.38467
140,245,2.34743
145,245,2.1341
150,245,1.69953
155,245,0.991158
160,245,-0.0506764
165,245,-1.47178
170,245,-3.21648
175,245,-4.87069
180,245,-5.4606
0,250,-4.82479
5,250,-4.18034
10,250,-2.60838
15,250,-0.91284
20,250,0.505454
25,250,1.55445
30,250,2.25759
35,250,2.67352
40,250,2.8644
45,250,2.88158
50,250,2.76328
55,250,2.54078
60,250,2.24638
65,250,1.91678
70,250,1.59006
75,250,1.29928
80,250,1.0675
85,250,0.90729
90,250,0.824064
95,250,0.819964
100,250,0.895684
105,250,1.04951
110,250,1.27446
115,250,1.55509
120,250,1.86524
125,250,2.16822
130,250,2.41963
135,250,2.57168
140,250,2.57693
145,250,2.38905
150,250,1.96009
155,250,1.23616
160,250,0.157678
165,250,-1.32058
170,250,-3.1403
175,250,-4.86516
180,250,-5.4606
0,255,-4.82479
5,255,-4.17851
10,255,-2.54674
15,255,-0.779204
20,255,0.699176
25,255,1.79217
30,255,2.52157
35,255,2.94333
40,255,3.11739
45,255,3.09516
50,255,2.91693
55,255,2.61649
60,255,2.22821
65,255,1.79136
70,255,1.34903
75,255,0.942961
80,255,0.607673
85,255,0.367416
90,255,0.23684
95,255,0.223405
100,255,0.328798
105,255,0.548097
110,255,0.867275
115,255,1.2607
120,255,1.69044
125,255,2.10843
130,255,2.46117
135,255,2.69492
140,255,2.75899
145,255,2.60568
150,255,2.18691
155,255,1.44985
160,255,0.336942
165,255,-1.19448
170,255,-3.08152
175,255,-4.86555
180,255,-5.4606
0,260,-4.82479
5,260,-4.18449
10,260,-2.50792
15,260,-0.680593
20,260,0.849367
25,260,1.98044
30,260,2.73204
35,260,3.15657
40,260,3.31016
45,260,3.24145
50,260,2.98921
55,260,2.58608
60,260,2.06513
65,260,1.46522
70,260,0.833132
75,260,0.222273
80,260,-0.311049
85,260,-0.712928
90,260,-0.938647
95,260,-0.960492
100,260,-0.774301
105,260,-0.401326
110,260,0.115777
115,260,0.720366
120,260,1.34926
125,260,1.93862
130,260,2.42811
135,260,2.7633
140,260,2.89587
145,260,2.78126
150,260,2.37447
155,260,1.6258
160,260,0.481154
165,260,-1.09827
170,260,-3.04317
175,260,-4.87272
180,260,-5.4606
0,265,-4.82479
5,265,-4.19888
10,265,-2.49444
15,265,-0.621003
20,265,0.951147
25,265,2.11415
30,265,2.88478
35,265,3.31202
40,265,3.44752
45,265,3.33502
50,265,3.00804
55,265,2.49301
60,265,1.81508
65,265,1.00405
70,265,0.0997827
75,265,-0.841329
80,265,-1.73729
85,265,-2.47314
90,265,-2.91256
95,265,-2.94786
100,265,-2.56569
105,265,-1.85774
110,265,-0.96321
115,265,-0.010164
120,265,0.904669
125,265,1.71118
130,265,2.35634
135,265,2.79718
140,265,2.99604
145,265,2.9165
150,265,2.51926
155,265,1.75886
160,265,0.585174
165,265,-1.03612
170,265,-3.02787
175,265,-4.88731
180,265,-5.4606
0,270,-4.82479
5,270,-4.22206
10,270,-2.50831
15,270,-0.60378
20,270,1.00054
25,270,2.18941
30,270,2.97711
35,270,3.41006
40,270,3.53601
45,270,3.39323
50,270,3.0079
55,270,2.39624
60,270,1.5687
65,270,0.533757
70,270,-0.698467
75,270,-2.10727
80,270,-3.63254
85,270,-5.10022
90,270,-6.11599
95,270,-6.18271
100,270,-5.24719
105,270,-3.77944
110,270,-2.21778
115,270,-0.772176
120,270,0.479619
125,270,1.50752
130,270,2.29376
135,270,2.82121
140,270,3.06952
145,270,3.013
150,270,2.61858
155,270,1.8447
160,270,0.644566
165,270,-1.01164
170,270,-3.03776
175,270,-4.90974
180,270,-5.4606
0,275,-4.82479
5,275,-4.25413
10,275,-2.55102
15,275,-0.631647
20,275,0.9943
25,275,2.20315
30,275,3.00692
35,275,3.45078
40,275,3.58023
45,275,3.42951
50,275,3.01836
55,275,2.35328
60,275,1.42963
65,275,0.231033
70,275,-1.27664
75,275,-3.15731
80,275,-5.51605
85,275,-8.44463
90,275,-11.4072
95,275,-11.5618
100,275,-8.64349
105,275,-5.62936
110,275,-3.19886
115,275,-1.27788
120,275,0.238828
125,275,1.41557
130,275,2.28415
135,275,2.8549
140,275,3.12291
145,275,3.0708
150,275,2.66948
155,275,1.87932
160,275,0.655461
165,275,-1.02786
170,275,-3.07442
175,275,-4.94013
180,275,-5.4606
0,280,-4.82479
5,280,-4.29489
10,280,-2.62342
15,280,-0.706717
20,280,0.929751
25,280,2.15272
30,280,2.97193
35,280,3.43269
40,280,3.58037
45,280,3.44793
50,280,3.05248
55,280,2.39642
60,280,1.46935
65,280,0.246513
70,280,-1.32033
75,280,-3.32475
80,280,-5.95046
85,280,-9.53693
90,280,-14.0865
95,280,-14.1394
100,280,-9.55026
105,280,-5.90958
110,280,-3.25407
115,280,-1.2442
120,280,0.304909
125,280,1.48684
130,280,2.3471
135,280,2.90357
140,280,3.15542
145,280,3.08671
150,280,2.66802
155,280,1.85882
160,280,0.61447
165,280,-1.08718
170,280,-3.13884
175,280,-4.97831
180,280,-5.4606
0,285,-4.82479
5,285,-4.34384
10,285,-2.72574
15,285,-0.830477
20,285,0.804664
25,285,2.03557
30,285,2.86934
35,285,3.35218
40,285,3.5312
45,285,3.441
50,285,3.10052
55,285,2.51531
60,285,1.68158
65,285,0.58896
70,285,-0.778488
75,285,-2.43882
80,285,-4.38705
85,285,-6.47728
90,285,-8.07343
95,285,-8.02604
100,285,-6.36853
105,285,-4.25888
110,285,-2.31436
115,285,-0.673928
120,285,0.658875
125,285,1.70139
130,285,2.46585
135,285,2.95435
140,285,3.15757
145,285,3.05381
150,285,2.60904
155,285,1.77927
160,285,0.518678
165,285,-1.19135
170,285,-3.23131
175,285,-5.02378
180,285,-5.4606
0,290,-4.82479
5,290,-4.40015
10,290,-2.85737
15,290,-1.0037
20,290,0.617222
25,290,1.8492
30,290,2.69561
35,290,3.2036
40,290,3.42286
45,290,3.39136
50,290,3.13278
55,290,2.66019
60,290,1.98235
65,290,1.11049
70,290,0.0661622
75,290,-1.10579
80,290,-2.31209
85,290,-3.37243
90,290,-4.01006
95,290,-3.9808
100,290,-3.29704
105,290,-2.21613
110,290,-1.01259
115,290,0.139353
120,290,1.15044
125,290,1.97662
130,290,2.59293
135,290,2.97941
140,290,3.11291
145,290,2.96229
150,290,2.48654
155,290,1.63684
160,290,0.365744
165,290,-1.34131
170,290,-3.35132
175,290,-5.07573
180,290,-5.4606
0,295,-4.82479
5,295,-4.46267
10,295,-3.01681
15,295,-1.2263
20,295,0.366118
25,295,1.59113
30,295,2.44669
35,295,2.97993
40,295,3.24267
45,295,3.27624
50,295,3.10935
55,295,2.76272
60,295,2.256
65,295,1.61487
70,295,0.877585
75,295,0.101655
80,295,-0.630603
85,295,-1.21328
90,295,-1.53614
95,295,-1.52628
100,295,-1.18746
105,295,-0.598187
110,295,0.129459
115,295,0.890331
120,295,1.60325
125,295,2.21021
130,295,2.6689
135,295,2.9444
140,295,3.00188
145,295,2.80115
150,295,2.29436
155,295,1.42818
160,295,0.154121
165,295,-1.53702
170,295,-3.49741
175,295,-5.13298
180,295,-5.4606
0,300,-4.82479
5,300,-4.52991
10,300,-3.2015
15,300,-1.497
20,300,0.0508264
25,300,1.25915
30,300,2.11834
35,300,2.67361
40,300,2.97725
45,300,3.07231
50,300,2.9907
55,300,2.75817
60,300,2.40067
65,300,1.94945
70,300,1.44413
75,300,0.933572
80,300,0.474
85,300,0.123408
90,300,-0.0684687
95,300,-0.0723997
100,300,0.111396
105,300,0.453143
110,300,0.902364
115,300,1.40016
120,300,1.88898
125,300,2.31745
130,300,2.64067
135,300,2.81746
140,300,2.8061
145,300,2.56026
150,300,2.02727
155,300,1.15094
160,300,-0.116556
165,300,-1.77711
170,300,-3.66704
175,300,-5.19402
180,300,-5.4606
0,305,-4.82479
5,305,-4.6001
10,305,-3.40756
15,305,-1.81288
20,305,-0.327859
25,305,0.851946
30,305,1.70688
35,305,2.27763
40,305,2.61447
45,305,2.75946
50,305,2.7448
55,305,2.59796
60,305,2.34722
65,305,2.02485
70,305,1.66741
75,305,1.31407
80,305,1.00356
85,305,0.770477
90,305,0.641327
95,305,0.631026
100,305,0.740528
105,305,0.956377
110,305,1.25244
115,305,1.59332
120,305,1.93841
125,305,2.24532
130,305,2.47177
135,305,2.57544
140,305,2.51195
145,305,2.23234
150,305,1.68203
155,305,0.804538
160,305,-0.4449
165,305,-2.0585
170,305,-3.85636
175,305,-5.25706
180,305,-5.4606
0,310,-4.82479
5,310,-4.6712
10,310,-3.62969
15,310,-2.16878
20,310,-0.766912
25,310,0.3701
30,310,1.21034
35,310,1.78705
40,310,2.14547
45,310,2.32361
50,310,2.35085
55,310,2.25344
60,310,2.05974
65,310,1.80214
70,310,1.51579
75,310,1.23565
80,310,0.993234
85,310,0.814022
90,310,0.715861
95,310,0.708079
100,310,0.79106
105,310,0.956089
110,310,1.18553
115,310,1.4536
120,310,1.72793
125,310,1.97163
130,310,2.14511
135,310,2.20694
140,310,2.11302
145,310,1.81479
150,310,1.25882
155,310,0.391217
160,310,-0.82694
165,310,-2.3758
170,310,-4.0601
175,310,-5.32002
180,310,-5.4606
0,315,-4.82479
5,315,-4.74097
10,315,-3.86095
15,315,-2.55637
20,315,-1.25966
25,315,-0.182106
30,315,0.630666
35,315,1.20146
40,315,1.56743
45,315,1.75966
50,315,1.80195
55,315,1.71711
60,315,1.53246
65,315,1.28132
70,315,1.00084
75,315,0.728004
80,315,0.495503
85,315,0.328699
90,315,0.244037
95,315,0.248686
100,315,0.34086
105,315,0.510365
110,315,0.739158
115,315,1.00204
120,315,1.2678
125,315,1.5008
130,315,1.66279
135,315,1.71389
140,315,1.61207
145,315,1.31164
150,315,0.762972
155,315,-0.0824841
160,315,-1.25497
165,315,-2.72064
170,315,-4.27145
175,315,-5.38064
180,315,-5.4606
0,320,-4.82479
5,320,-4.80709
10,320,-4.09277
15,320,-2.96323
20,320,-1.79377
25,320,-0.793895
30,320,-0.0229116
35,320,0.529061
40,320,0.888364
45,320,1.07673
50,320,1.11041
55,320,1.00733
60,320,0.793236
65,320,0.503342
70,320,0.179717
75,320,-0.133764
80,320,-0.397137
85,320,-0.57916
90,320,-0.660317
95,320,-0.633827
100,320,-0.505042
105,320,-0.28985
110,320,-0.0126334
115,320,0.295832
120,320,0.600442
125,320,0.863755
130,320,1.04764
135,320,1.11398
140,320,1.02397
145,320,0.736382
150,320,0.207421
155,320,-0.603685
160,320,-1.7161
165,320,-3.08095
170,320,-4.482
175,320,-5.43656
180,320,-5.4606
0,325,-4.82479
5,325,-4.86719
10,325,-4.31511
15,325,-3.37193
20,325,-2.34871
25,325,-1.444
30,325,-0.728604
35,325,-0.206936
40,325,0.134592
45,325,0.306959
50,325,0.318128
55,325,0.18088
60,325,-0.0804425
65,325,-0.428063
70,325,-0.813696
75,325,-1.18484
80,325,-1.49251
85,325,-1.69819
90,325,-1.77841
95,325,-1.72623
100,325,-1.55057
105,325,-1.2738
110,325,-0.928285
115,325,-0.55254
120,325,-0.187554
125,325,0.125992
130,325,0.349345
135,325,0.44593
140,325,0.380203
145,325,0.115898
150,325,-0.383919
155,325,-1.1506
160,325,-2.1906
165,325,-3.44043
170,325,-4.68205
175,325,-5.48542
180,325,-5.4606
0,330,-4.82479
5,330,-4.91905
10,330,-4.51695
15,330,-3.7598
20,330,-2.89336
25,330,-2.096
30,330,-1.44548
35,330,-0.960101
40,330,-0.639485
45,330,-0.48302
50,330,-0.48955
55,330,-0.6493
60,330,-0.937229
65,330,-1.31177
70,330,-1.71929
75,330,-2.10284
80,330,-2.41226
85,330,-2.61148
90,330,-2.68074
95,330,-2.61516
100,330,-2.42294
105,330,-2.1245
110,330,-1.75146
115,330,-1.34374
120,330,-0.945118
125,330,-0.599074
130,330,-0.346201
135,330,-0.223553
140,330,-0.265504
145,330,-0.504975
150,330,-0.972642
155,330,-1.6901
160,330,-2.65074
165,330,-3.77861
170,330,-4.86103
175,330,-5.525
180,330,-5.4606
0,335,-4.82479
5,335,-4.96067
10,335,-4.68711
15,335,-4.09997
20,335,-3.3854
25,335,-2.69521
30,335,-2.10836
35,335,-1.65464
40,335,-1.34522
45,335,-1.18695
50,335,-1.18093
55,335,-1.31508
60,335,-1.55934
65,335,-1.8675
70,335,-2.18605
75,335,-2.46691
80,335,-2.67762
85,335,-2.80336
90,335,-2.8409
95,335,-2.79079
100,335,-2.65404
105,335,-2.43472
110,335,-2.14542
115,335,-1.81075
120,335,-1.46634
125,335,-1.15425
130,335,-0.917994
135,335,-0.799151
140,335,-0.835834
145,335,-1.06189
150,335,-1.50456
155,335,-2.17712
160,335,-3.06124
165,335,-4.07198
170,335,-5.00837
175,335,-5.55334
180,335,-5.4606
0,340,-4.82479
5,340,-4.99043
10,340,-4.81553
15,340,-4.36453
20,340,-3.77526
25,340,-3.17239
30,340,-2.63187
35,340,-2.19165
40,340,-1.87111
45,340,-1.67967
50,340,-1.61468
55,340,-1.65665
60,340,-1.76951
65,340,-1.90863
70,340,-2.03426
75,340,-2.12336
80,340,-2.17243
85,340,-2.19039
90,340,-2.18786
95,340,-2.16902
100,340,-2.12905
105,340,-2.05691
110,340,-1.94203
115,340,-1.78264
120,340,-1.59192
125,340,-1.39912
130,340,-1.24553
135,340,-1.17804
140,340,-1.24267
145,340,-1.47914
150,340,-1.91536
155,340,-2.55917
160,340,-3.38303
165,340,-4.29679
170,340,-5.11463
175,340,-5.56891
180,340,-5.4606
0,345,-4.82479
5,345,-5.00719
10,345,-4.89456
15,345,-4.52982
20,345,-4.01697
25,345,-3.46023
30,345,-2.93314
35,345,-2.47987
40,345,-2.12442
45,345,-1.87429
50,345,-1.71934
55,345,-1.63274
60,345,-1.57839
65,345,-1.52395
70,345,-1.45278
75,345,-1.36743
80,345,-1.28333
85,345,-1.21872
90,345,-1.18672
95,345,-1.19151
100,345,-1.22739
105,345,-1.27964
110,345,-1.32773
115,345,-1.35184
120,345,-1.34208
125,345,-1.307
130,345,-1.27638
135,345,-1.2964
140,345,-1.41949
145,345,-1.69271
150,345,-2.14725
155,345,-2.78818
160,345,-3.58121
165,345,-4.43324
170,345,-5.17273
175,345,-5.57063
180,345,-5.4606
0,350,-4.82479
5,350,-5.01034
10,350,-4.9202
15,350,-4.5825
20,350,-4.08351
25,350,-3.52017
30,350,-2.96951
35,350,-2.48197
40,350,-2.08325
45,350,-1.7758
50,350,-1.54124
55,350,-1.34781
60,350,-1.16364
65,350,-0.970503
70,350,-0.769958
75,350,-0.578849
80,350,-0.419187
85,350,-0.309617
90,350,-0.261461
95,350,-0.277916
100,350,-0.354026
105,350,-0.47637
110,350,-0.623464
115,350,-0.769225
120,350,-0.891332
125,350,-0.982832
130,350,-1.06102
135,350,-1.16711
140,350,-1.35578
145,350,-1.67926
150,350,-2.1719
155,350,-2.8371
160,350,-3.63524
165,350,-4.47007
170,350,-5.17905
175,350,-5.55804
180,350,-5.4606
0,355,-4.82479
5,355,-4.99988
10,355,-4.89269
15,355,-4.52343
20,355,-3.9781
25,355,-3.36208
30,355,-2.76283
35,355,-2.2365
40,355,-1.80722
45,355,-1.47014
50,355,-1.19826
55,355,-0.955024
60,355,-0.710587
65,355,-0.454464
70,355,-0.19706
75,355,0.0390284
80,355,0.230107
85,355,0.358344
90,355,0.413714
95,355,0.393528
100,355,0.302144
105,355,0.151785
110,355,-0.0367008
115,355,-0.235859
120,355,-0.419096
125,355,-0.573097
130,355,-0.709356
135,355,-0.866617
140,355,-1.10094
145,355,-1.46786
150,355,-2.00393
155,355,-2.71143
160,355,-3.54623
165,355,-4.40747
170,355,-5.13394
175,355,-5.53128
180,355,-5.4606
0,360,-4.82479
5,360,-4.97636
10,360,-4.81645
15,360,-4.36732
20,360,-3.73268
25,360,-3.03877
30,360,-2.38559
35,360,-1.8315
40,360,-1.39538
45,360,-1.06378
50,360,-0.80106
55,360,-0.564597
60,360,-0.322253
65,360,-0.0643342
70,360,0.196749
75,360,0.436784
80,360,0.631309
85,360,0.762249
90,360,0.819447
95,360,0.800002
100,360,0.708025
105,360,0.555642
110,360,0.363951
115,360,0.161044
120,360,-0.0257363
125,360,-0.182842
130,360,-0.322723
135,360,-0.48651
140,360,-0.733601
145,360,-1.12287
150,360,-1.69304
155,360,-2.44646
160,360,-3.33636
165,360,-4.25695
170,360,-5.04161
175,360,-5.49106
180,360,-5.4606
