Phi[deg],Theta[deg],dB(GainTotal)
0,0,-4.82479
0,5,-4.97636
0,10,-4.81645
0,15,-4.36732
0,20,-3.73268
0,25,-3.03877
0,30,-2.38559
0,35,-1.8315
0,40,-1.39538
0,45,-1.06378
0,50,-0.80106
0,55,-0.564597
0,60,-0.322253
0,65,-0.0643342
0,70,0.196749
0,75,0.436784
0,80,0.631309
0,85,0.762249
0,90,0.819447
0,95,0.800002
0,100,0.708025
0,105,0.555642
0,110,0.363951
0,115,0.161044
0,120,-0.0257363
0,125,-0.182842
0,130,-0.322723
0,135,-0.48651
0,140,-0.733601
0,145,-1.12287
0,150,-1.69304
0,155,-2.44646
0,160,-3.33636
0,165,-4.25695
0,170,-5.04161
0,175,-5.49106
0,180,-5.4606
5,0,-4.82479
5,5,-4.94085
5,10,-4.6992
5,15,-4.13826
5,20,-3.39496
5,25,-2.62079
5,30,-1.92404
5,35,-1.35967
5,40,-0.938675
5,45,-0.639074
5,50,-0.417741
5,55,-0.225794
5,60,-0.0260991
5,65,0.194676
5,70,0.426214
5,75,0.644891
5,80,0.825709
5,85,0.949498
5,90,1.00498
5,95,0.988525
5,100,0.904176
5,105,0.764704
5,110,0.592281
5,115,0.415773
5,120,0.261921
5,125,0.141491
5,130,0.0372445
5,135,-0.0975371
5,140,-0.327323
5,145,-0.714936
5,150,-1.30199
5,155,-2.09274
5,160,-3.04087
5,165,-4.03809
5,170,-4.90938
5,175,-5.43865
5,180,-5.4606
10,0,-4.82479
10,5,-4.89488
10,10,-4.55071
10,15,-3.86365
10,20,-3.01336
10,25,-2.17271
10,30,-1.45018
10,35,-0.892258
10,40,-0.500705
10,45,-0.246234
10,50,-0.0801878
10,55,0.0511963
10,60,0.190228
10,65,0.355504
10,70,0.540864
10,75,0.724753
10,80,0.882208
10,85,0.992881
10,90,1.04408
10,95,1.03128
10,100,0.95848
10,105,0.8393
10,110,0.697126
10,115,0.561421
10,120,0.457677
10,125,0.392855
10,130,0.343917
10,135,0.25791
10,140,0.0650439
10,145,-0.301652
10,150,-0.887409
10,155,-1.7003
10,160,-2.69796
10,165,-3.7739
10,170,-4.74651
10,175,-5.37572
10,180,-5.4606
15,0,-4.82479
15,5,-4.84024
15,10,-4.38142
15,15,-3.56907
15,20,-2.62766
15,25,-1.74221
15,30,-1.01328
15,35,-0.475341
15,40,-0.120569
15,45,0.0863832
15,50,0.197653
15,55,0.269626
15,60,0.347974
15,65,0.455774
15,70,0.59134
15,75,0.736116
15,80,0.86613
15,85,0.960544
15,90,1.00565
15,95,0.996164
15,100,0.936009
15,105,0.839324
15,110,0.730159
15,115,0.637938
15,120,0.586566
15,125,0.579558
15,130,0.589158
15,135,0.55753
15,140,0.410553
15,145,0.0773524
15,150,-0.491514
15,155,-1.30952
15,160,-2.3412
15,165,-3.48675
15,170,-4.56295
15,175,-5.30426
15,180,-5.4606
20,0,-4.82479
20,5,-4.77896
20,10,-4.2013
20,15,-3.27542
20,20,-2.26607
20,25,-1.35975
20,30,-0.642925
20,35,-0.136097
20,40,0.178236
20,45,0.340739
20,50,0.40553
20,55,0.42926
20,60,0.458093
20,65,0.51712
20,70,0.607959
20,75,0.715337
20,80,0.817423
20,85,0.894202
20,90,0.931945
20,95,0.925066
20,100,0.877245
20,105,0.802404
20,110,0.724143
20,115,0.670901
20,120,0.664944
20,125,0.707653
20,130,0.768936
20,135,0.788499
20,140,0.689428
20,145,0.397311
20,150,-0.142058
20,155,-0.94875
20,160,-1.99636
20,165,-3.19572
20,170,-4.36831
20,175,-5.22645
20,180,-5.4606
25,0,-4.82479
25,5,-4.71311
25,10,-4.01912
25,15,-2.99806
25,20,-1.94624
25,25,-1.04228
25,30,-0.354826
25,35,0.110457
25,40,0.380895
25,45,0.502369
25,50,0.530247
25,55,0.519592
25,60,0.514108
25,65,0.537718
25,70,0.593186
25,75,0.668062
25,80,0.743621
25,85,0.802235
25,90,0.831518
25,95,0.82628
25,100,0.78979
25,105,0.734826
25,110,0.683262
25,115,0.661644
25,120,0.69086
25,125,0.771936
25,130,0.875159
25,135,0.940278
25,140,0.888981
25,145,0.643526
25,150,0.144416
25,155,-0.635853
25,160,-1.68113
25,165,-2.91557
25,170,-4.17116
25,175,-5.14453
25,180,-5.4606
30,0,-4.82479
30,5,-4.64475
30,10,-3.84205
30,15,-2.7472
30,20,-1.67763
30,25,-0.7973
30,30,-0.155482
30,35,0.257124
30,40,0.477925
30,45,0.558451
30,50,0.555345
30,55,0.521071
30,60,0.494626
30,65,0.495849
30,70,0.526171
30,75,0.574803
30,80,0.626419
30,85,0.666932
30,90,0.686563
30,95,0.681288
30,100,0.653994
30,105,0.615728
30,110,0.585854
30,115,0.588677
30,120,0.644332
30,125,0.755146
30,130,0.893862
30,135,1.0019
30,140,1.00026
30,145,0.807773
30,150,0.359225
30,155,-0.380688
30,160,-1.40644
30,165,-2.65678
30,170,-3.97866
30,175,-5.06069
30,180,-5.4606
35,0,-4.82479
35,5,-4.57579
35,10,-3.67557
35,15,-2.52874
35,20,-1.46372
35,25,-0.625838
35,30,-0.0450385
35,35,0.302501
35,40,0.464546
35,45,0.499063
35,50,0.464662
35,55,0.411139
35,60,0.37162
35,65,0.359825
35,70,0.37365
35,75,0.402385
35,80,0.433495
35,85,0.456677
35,90,0.4654
35,95,0.457415
35,100,0.435585
35,105,0.409388
35,110,0.395912
35,115,0.417806
35,120,0.495465
35,125,0.633659
35,130,0.808397
35,135,0.962952
35,140,1.0173
35,145,0.886418
35,150,0.49917
35,155,-0.187398
35,160,-1.17801
35,165,-2.42612
35,170,-3.79641
35,175,-4.97701
35,180,-5.4606
40,0,-4.82479
40,5,-4.50799
40,10,-3.52357
40,15,-2.3453
40,20,-1.30387
40,25,-0.524395
40,30,-0.0187803
40,35,0.250425
40,40,0.34152
40,45,0.319921
40,50,0.247474
40,55,0.172123
40,60,0.120994
40,65,0.100603
40,70,0.103665
40,75,0.117889
40,80,0.132283
40,85,0.139655
40,90,0.136556
40,95,0.122727
40,100,0.101537
40,105,0.0817597
40,110,0.0794706
40,115,0.117212
40,120,0.217059
40,125,0.38689
40,130,0.605501
40,135,0.816688
40,140,0.938024
40,145,0.879858
40,150,0.56515
40,155,-0.0560561
40,160,-0.997764
40,165,-2.22738
40,170,-3.62854
40,175,-4.89535
40,180,-5.4606
45,0,-4.82479
45,5,-4.44287
45,10,-3.38856
45,15,-2.19709
45,20,-1.19456
45,25,-0.486182
45,30,-0.0679044
45,35,0.110025
45,40,0.116408
45,45,0.0252544
45,50,-0.0965745
45,55,-0.2014
45,60,-0.267433
45,65,-0.295813
45,70,-0.300231
45,75,-0.296104
45,80,-0.294362
45,85,-0.300303
45,90,-0.315104
45,95,-0.337331
45,100,-0.362752
45,105,-0.382158
45,110,-0.378602
45,115,-0.327347
45,120,-0.202705
45,125,0.00688126
45,130,0.281728
45,135,0.56372
45,140,0.765795
45,145,0.792613
45,150,0.561421
45,155,0.0162436
45,160,-0.86489
45,165,-2.06209
45,170,-3.47789
45,175,-4.81736
45,180,-5.4606
50,0,-4.82479
50,5,-4.38172
50,10,-3.27191
50,15,-2.08261
50,20,-1.13037
50,25,-0.502007
50,30,-0.180086
50,35,-0.104262
50,40,-0.195558
50,45,-0.370219
50,50,-0.55416
50,55,-0.697752
50,60,-0.783411
50,65,-0.820185
50,70,-0.829345
50,75,-0.830893
50,80,-0.837122
50,85,-0.852705
50,90,-0.877612
50,95,-0.909408
50,100,-0.943046
50,105,-0.968011
50,110,-0.964584
50,115,-0.903216
50,120,-0.752182
50,125,-0.495318
50,130,-0.152108
50,135,0.214606
50,140,0.510542
50,145,0.633477
50,150,0.495162
50,155,0.0346503
50,160,-0.776636
50,165,-1.93005
50,170,-3.34619
50,175,-4.74443
50,180,-5.4606
55,0,-4.82479
55,5,-4.32556
55,10,-3.1741
55,15,-1.99926
55,20,-1.10473
55,25,-0.561053
55,30,-0.340192
55,35,-0.373192
55,40,-0.571608
55,45,-0.840994
55,50,-1.09767
55,55,-1.28753
55,60,-1.39596
55,65,-1.44041
55,70,-1.45114
55,75,-1.45412
55,80,-1.46399
55,85,-1.48553
55,90,-1.51814
55,95,-1.55901
55,100,-1.60275
55,105,-1.63739
55,110,-1.63943
55,115,-1.57247
55,120,-1.3964
55,125,-1.08902
55,130,-0.670193
55,135,-0.209678
55,140,0.188861
55,145,0.415298
55,150,0.376046
55,155,0.00601219
55,160,-0.728888
55,165,-1.82988
55,170,-3.23429
55,175,-4.6777
55,180,-5.4606
60,0,-4.82479
60,5,-4.27521
60,10,-3.09497
60,15,-1.94381
60,20,-1.11052
60,25,-0.651697
60,30,-0.53134
60,35,-0.674019
60,40,-0.982988
60,45,-1.35275
60,50,-1.68813
60,55,-1.92827
60,60,-2.06072
60,65,-2.11222
60,70,-2.12345
60,75,-2.12721
60,80,-2.14043
60,85,-2.1674
60,90,-2.2064
60,95,-2.25425
60,100,-2.30581
60,105,-2.3487
60,110,-2.35632
60,115,-2.28541
60,120,-2.08643
60,125,-1.72986
60,130,-1.23535
60,135,-0.679914
60,140,-0.177287
60,145,0.154171
60,150,0.215671
60,155,-0.0616037
60,160,-0.716609
60,165,-1.75937
60,170,-3.14235
60,175,-4.61806
60,180,-5.4606
65,0,-4.82479
65,5,-4.23123
65,10,-3.03387
65,15,-1.91276
65,20,-1.14065
65,25,-0.762395
65,30,-0.736325
65,35,-0.982649
65,40,-1.39803
65,45,-1.86668
65,50,-2.28141
65,55,-2.57367
65,60,-2.73292
65,65,-2.79591
65,70,-2.81424
65,75,-2.82695
65,80,-2.85168
65,85,-2.88998
65,90,-2.93703
65,95,-2.98833
65,100,-3.03955
65,105,-3.0798
65,110,-3.08217
65,115,-2.99937
65,120,-2.7744
65,125,-2.37069
65,130,-1.80622
65,135,-1.16305
65,140,-0.563085
65,145,-0.131916
65,150,0.0268145
65,155,-0.159388
65,160,-0.734223
65,165,-1.71578
65,170,-3.07
65,175,-4.56616
65,180,-5.4606
70,0,-4.82479
70,5,-4.19401
70,10,-2.98984
70,15,-1.90261
70,20,-1.18853
70,25,-0.88258
70,30,-0.939253
70,35,-1.27637
70,40,-1.78629
70,45,-2.3453
70,50,-2.83614
70,55,-3.18354
70,60,-3.379
70,65,-3.46831
70,70,-3.51212
70,75,-3.55325
70,80,-3.60719
70,85,-3.66966
70,90,-3.72986
70,95,-3.78017
70,100,-3.81721
70,105,-3.83379
70,110,-3.8068
70,115,-3.69036
70,120,-3.42564
70,125,-2.97225
70,130,-2.34536
70,135,-1.62746
70,140,-0.943925
70,145,-0.424725
70,150,-0.177422
70,155,-0.278277
70,160,-0.77594
70,165,-1.69608
70,170,-3.01652
70,175,-4.52245
70,180,-5.4606
75,0,-4.82479
75,5,-4.16373
75,10,-2.96176
75,15,-1.91013
75,20,-1.24848
75,25,-1.00344
75,30,-1.12706
75,35,-1.5365
75,40,-2.12262
75,45,-2.75787
75,50,-3.31952
75,55,-3.72878
75,60,-3.97863
75,65,-4.12003
75,70,-4.21785
75,75,-4.31491
75,80,-4.42167
75,85,-4.52529
75,90,-4.60597
75,95,-4.65058
75,100,-4.6561
75,105,-4.62104
75,110,-4.53069
75,115,-4.34765
75,120,-4.0194
75,125,-3.50755
75,130,-2.82428
75,135,-2.04704
75,140,-1.29807
75,145,-0.7073
75,150,-0.384462
75,155,-0.409436
75,160,-0.83606
75,165,-1.69719
75,170,-2.98095
75,175,-4.48718
75,180,-5.4606
80,0,-4.82479
80,5,-4.14043
80,10,-2.94845
80,15,-1.93246
80,20,-1.31594
80,25,-1.11844
80,30,-1.29057
80,35,-1.75032
80,40,-2.38998
80,45,-3.08333
80,50,-3.70875
80,55,-4.18824
80,60,-4.51481
80,65,-4.73824
80,70,-4.92089
80,75,-5.10133
80,80,-5.28313
80,85,-5.44338
80,90,-5.55094
80,95,-5.5846
80,100,-5.54067
80,105,-5.42516
80,110,-5.23666
80,115,-4.95352
80,120,-4.53746
80,125,-3.95755
80,130,-3.22333
80,135,-2.40258
80,140,-1.60811
80,145,-0.965055
80,150,-0.582967
80,155,-0.544711
80,160,-0.909249
80,165,-1.71612
80,170,-2.96217
80,175,-4.46043
80,180,-5.4606
85,0,-4.82479
85,5,-4.12403
85,10,-2.9487
85,15,-1.96723
85,20,-1.38763
85,25,-1.22355
85,30,-1.42489
85,35,-1.91162
85,40,-2.58011
85,45,-3.31038
85,50,-3.98829
85,55,-4.54085
85,60,-4.95943
85,65,-5.28603
85,70,-5.57363
85,75,-5.8527
85,80,-6.11902
85,85,-6.33999
85,90,-6.47308
85,95,-6.48816
85,100,-6.38075
85,105,-6.16625
85,110,-5.8604
85,115,-5.46174
85,120,-4.94977
85,125,-4.30282
85,130,-3.52766
85,135,-2.68039
85,140,-1.86096
85,145,-1.18627
85,150,-0.763374
85,155,-0.677027
85,160,-0.990789
85,165,-1.7501
85,170,-2.959
85,175,-4.44216
85,180,-5.4606
90,0,-4.82479
90,5,-4.11431
90,10,-2.96134
90,15,-2.01258
90,20,-1.46151
90,25,-1.31706
90,30,-1.52902
90,35,-2.02011
90,40,-2.69248
90,45,-3.43566
90,50,-4.14705
90,55,-4.76115
90,60,-5.26652
90,65,-5.69289
90,70,-6.07886
90,75,-6.44373
90,80,-6.77568
90,85,-7.03589
90,90,-7.17583
90,95,-7.16161
90,100,-6.9908
90,105,-6.68826
90,110,-6.2845
90,115,-5.7943
90,120,-5.21073
90,125,-4.51893
90,130,-3.72332
90,135,-2.87013
90,140,-2.04718
90,145,-1.36222
90,150,-0.918264
90,155,-0.800726
90,160,-1.07678
90,165,-1.79673
90,170,-2.97026
90,175,-4.43216
90,180,-5.4606
95,0,-4.82479
95,5,-4.11096
95,10,-2.98527
95,15,-2.06709
95,20,-1.53661
95,25,-1.3992
95,30,-1.60508
95,35,-2.07997
95,40,-2.73234
95,45,-3.46204
95,50,-4.17865
95,55,-4.82403
95,60,-5.38297
95,65,-5.87153
95,70,-6.31221
95,75,-6.7125
95,80,-7.05558
95,85,-7.3042
95,90,-7.41639
95,95,-7.3665
95,100,-7.15859
95,105,-6.82101
95,110,-6.38627
95,115,-5.87173
95,120,-5.27393
95,125,-4.581
95,130,-3.79717
95,135,-2.96374
95,140,-2.1604
95,145,-1.48717
95,150,-1.04266
95,155,-0.911828
95,160,-1.1643
95,165,-1.85401
95,170,-2.99478
95,175,-4.43014
95,180,-5.4606
100,0,-4.82479
100,5,-4.11357
100,10,-3.01943
100,15,-2.12978
100,20,-1.61285
100,25,-1.47165
100,30,-1.65724
100,35,-2.09821
100,40,-2.70877
100,45,-3.3978
100,50,-4.0849
100,55,-4.71716
100,60,-5.27516
100,65,-5.76301
100,70,-6.19004
100,75,-6.55584
100,80,-6.84478
100,85,-7.03094
100,90,-7.09044
100,95,-7.01423
100,100,-6.81287
100,105,-6.50922
100,110,-6.12387
100,115,-5.6631
100,120,-5.11762
100,125,-4.47501
100,130,-3.74109
100,135,-2.95676
100,140,-2.19778
100,145,-1.55874
100,150,-1.13428
100,155,-1.00822
100,160,-1.25147
100,165,-1.92036
100,170,-3.03145
100,175,-4.4357
100,180,-5.4606
105,0,-4.82479
105,5,-4.12168
105,10,-3.06284
105,15,-2.19995
105,20,-1.69072
105,25,-1.53699
105,30,-1.69089
105,35,-2.08347
105,40,-2.63341
105,45,-3.2564
105,50,-3.87911
105,55,-4.45196
105,60,-4.95269
105,65,-5.37843
105,70,-5.73238
105,75,-6.01342
105,80,-6.21341
105,85,-6.32166
105,90,-6.33245
105,95,-6.25001
105,100,-6.0871
105,105,-5.85754
105,110,-5.56691
105,115,-5.20702
105,120,-4.75908
105,125,-4.20725
105,130,-3.55765
105,135,-2.85124
105,140,-2.16133
105,145,-1.57844
105,150,-1.19379
105,155,-1.0897
105,160,-1.33745
105,165,-1.99462
105,170,-3.07919
105,175,-4.44834
105,180,-5.4606
110,0,-4.82479
110,5,-4.13474
110,10,-3.11448
110,15,-2.27711
110,20,-1.77114
110,25,-1.59829
110,30,-1.71204
110,35,-2.04529
110,40,-2.51989
110,45,-3.05639
110,50,-3.58661
110,55,-4.06443
110,60,-4.46834
110,65,-4.79496
110,70,-5.04833
110,75,-5.23171
110,80,-5.34557
110,85,-5.39059
110,90,-5.37153
110,95,-5.29813
110,100,-5.18175
110,105,-5.02896
110,110,-4.83533
110,115,-4.58312
110,120,-4.24651
110,125,-3.80548
110,130,-3.26351
110,135,-2.65843
110,140,-2.05929
110,145,-1.55215
110,150,-1.22482
110,155,-1.1579
110,160,-1.42237
110,165,-2.07599
110,170,-3.13695
110,175,-4.4675
110,180,-5.4606
115,0,-4.82479
115,5,-4.15214
115,10,-3.17334
115,15,-2.36082
115,20,-1.85512
115,25,-1.65884
115,30,-1.72699
115,35,-1.99391
115,40,-2.38375
115,45,-2.82084
115,50,-3.24206
115,55,-3.60646
115,60,-3.89725
115,65,-4.11513
115,70,-4.26819
115,75,-4.36451
115,80,-4.4103
115,85,-4.41182
115,90,-4.37749
115,95,-4.31748
115,100,-4.2405
115,105,-4.14873
115,110,-4.03335
115,115,-3.87338
115,120,-3.64079
115,125,-3.31299
115,130,-2.88889
115,135,-2.3996
115,140,-1.90672
115,145,-1.49014
115,150,-1.2337
115,155,-1.21597
115,160,-1.50702
115,165,-2.16391
115,170,-3.20366
115,175,-4.49253
115,180,-5.4606
120,0,-4.82479
120,5,-4.17322
120,10,-3.23834
120,15,-2.4506
120,20,-1.94362
120,25,-1.72182
120,30,-1.74212
120,35,-1.94022
120,40,-2.24227
120,45,-2.5764
120,50,-2.88527
120,55,-3.13497
120,60,-3.31547
120,65,-3.43275
120,70,-3.49861
120,75,-3.52404
120,80,-3.51785
120,85,-3.48813
120,90,-3.44364
120,95,-3.39328
120,100,-3.34335
120,105,-3.29391
120,110,-3.23533
120,115,-3.14751
120,120,-3.0038
120,125,-2.78109
120,130,-2.47369
120,135,-2.10412
120,140,-1.72425
120,145,-1.40612
120,150,-1.22869
120,155,-1.26802
120,160,-1.59265
120,165,-2.25787
120,170,-3.2782
120,175,-4.52271
120,180,-5.4606
125,0,-4.82479
125,5,-4.19725
125,10,-3.30828
125,15,-2.54575
125,20,-2.03727
125,25,-1.79004
125,30,-1.76356
125,35,-1.8953
125,40,-2.11369
125,45,-2.35106
125,50,-2.55646
125,55,-2.70344
125,60,-2.78841
125,65,-2.82139
125,70,-2.81621
125,75,-2.7849
125,80,-2.73704
125,85,-2.68106
125,90,-2.62524
125,95,-2.57719
125,100,-2.54186
125,105,-2.51869
125,110,-2.49908
125,115,-2.46548
125,120,-2.39409
125,125,-2.26257
125,130,-2.06149
125,135,-1.80516
125,140,-1.53532
125,145,-1.31537
125,150,-1.21875
125,155,-1.31837
125,160,-1.68048
125,165,-2.35733
125,170,-3.35934
125,175,-4.55726
125,180,-5.4606
130,0,-4.82479
130,5,-4.22348
130,10,-3.38181
130,15,-2.64526
130,20,-2.13612
130,25,-1.86548
130,30,-1.79646
130,35,-1.86918
130,40,-2.01495
130,45,-2.17041
130,50,-2.29058
130,55,-2.35518
130,60,-2.3651
130,65,-2.33255
130,70,-2.27188
130,75,-2.19525
130,80,-2.11238
130,85,-2.03177
130,90,-1.96142
130,95,-1.90837
130,100,-1.87722
130,105,-1.86784
130,110,-1.87322
130,115,-1.87852
130,120,-1.86276
130,125,-1.80473
130,130,-1.69255
130,135,-1.53399
130,140,-1.36208
130,145,-1.23217
130,150,-1.212
130,155,-1.37075
130,160,-1.7713
130,165,-2.46144
130,170,-3.44572
130,175,-4.59532
130,180,-5.4606
135,0,-4.82479
135,5,-4.2511
135,10,-3.45739
135,15,-2.74767
135,20,-2.2394
135,25,-1.94872
135,30,-1.84385
135,35,-1.86877
135,40,-1.95819
135,45,-2.0525
135,50,-2.11086
135,55,-2.11654
135,60,-2.07248
135,65,-1.9915
135,70,-1.88802
135,75,-1.77444
135,80,-1.66093
135,85,-1.55645
135,90,-1.46927
135,95,-1.40659
135,100,-1.37322
135,105,-1.36968
135,110,-1.39023
135,115,-1.42187
135,120,-1.44565
135,125,-1.44146
135,130,-1.39628
135,135,-1.31384
135,140,-1.22107
135,145,-1.16699
135,150,-1.21411
135,155,-1.42736
135,160,-1.86513
135,165,-2.56898
135,170,-3.53577
135,175,-4.63601
135,180,-5.4606
140,0,-4.82479
140,5,-4.27927
140,10,-3.53328
140,15,-2.85093
140,20,-2.34522
140,25,-2.03834
140,30,-1.90529
140,35,-1.89528
140,40,-1.9467
140,45,-2.00226
140,50,-2.02229
140,55,-1.99023
140,60,-1.90861
140,65,-1.79012
140,70,-1.65004
140,75,-1.50244
140,80,-1.35939
140,85,-1.23144
140,90,-1.12779
140,95,-1.05597
140,100,-1.02065
140,105,-1.02199
140,110,-1.05408
140,115,-1.10422
140,120,-1.15436
140,125,-1.1854
140,130,-1.18465
140,135,-1.15463
140,140,-1.11941
140,145,-1.1241
140,150,-1.22695
140,155,-1.48832
140,160,-1.96084
140,165,-2.67816
140,170,-3.62769
140,175,-4.67836
140,180,-5.4606
145,0,-4.82479
145,5,-4.30715
145,10,-3.60749
145,15,-2.95242
145,20,-2.45039
145,25,-2.13046
145,30,-1.97582
145,35,-1.94218
145,40,-1.97159
145,45,-2.00719
145,50,-2.007
145,55,-1.9509
145,60,-1.83887
145,65,-1.68378
145,70,-1.50397
145,75,-1.31819
145,80,-1.14309
145,85,-0.992382
145,90,-0.876577
145,95,-0.802712
145,100,-0.773628
145,105,-0.786988
145,110,-0.834455
145,115,-0.901774
145,120,-0.970623
145,125,-1.02297
145,130,-1.04795
145,135,-1.04967
145,140,-1.05252
145,145,-1.10021
145,150,-1.24791
145,155,-1.55125
145,160,-2.05608
145,165,-2.78662
145,170,-3.71946
145,175,-4.72141
145,180,-5.4606
150,0,-4.82479
150,5,-4.33388
150,10,-3.67787
150,15,-3.04886
150,20,-2.55044
150,25,-2.21862
150,30,-2.04565
150,35,-1.99454
150,40,-2.01082
150,45,-2.03632
150,50,-2.02366
150,55,-1.94617
150,60,-1.80008
150,65,-1.60002
150,70,-1.37094
150,75,-1.13999
150,80,-0.930853
150,85,-0.761058
150,90,-0.641541
150,95,-0.57703
150,100,-0.56639
150,105,-0.60272
150,110,-0.673516
150,115,-0.761604
150,120,-0.847641
150,125,-0.914719
150,130,-0.954855
150,135,-0.975696
150,140,-1.00426
150,145,-1.08473
150,150,-1.27016
150,155,-1.61154
150,160,-2.14733
150,165,-2.89142
150,170,-3.80885
150,175,-4.76415
150,180,-5.4606
155,0,-4.82479
155,5,-4.35863
155,10,-3.74207
155,15,-3.13646
155,20,-2.63983
155,25,-2.29436
155,30,-2.10125
155,35,-2.03091
155,40,-2.03212
155,45,-2.04448
155,50,-2.01381
155,55,-1.90605
155,60,-1.71478
155,65,-1.45939
155,70,-1.17478
155,75,-0.898311
155,80,-0.660254
155,85,-0.480053
155,90,-0.366755
155,95,-0.320973
155,100,-0.33665
155,105,-0.402146
155,110,-0.501052
155,115,-0.613586
155,120,-0.719479
155,125,-0.802837
155,130,-0.858455
155,135,-0.897621
155,140,-0.950387
155,145,-1.062
155,150,-1.28399
155,155,-1.66301
155,160,-2.23024
155,165,-2.98915
155,170,-3.89343
155,175,-4.8056
155,180,-5.4606
160,0,-4.82479
160,5,-4.3806
160,10,-3.79765
160,15,-3.21105
160,20,-2.71239
160,25,-2.34834
160,30,-2.1279
160,35,-2.02815
160,40,-2.00081
160,45,-1.9836
160,50,-1.91683
160,55,-1.76178
160,60,-1.5133
160,65,-1.19886
160,70,-0.863842
160,75,-0.553173
160,80,-0.299479
160,85,-0.120181
160,90,-0.0200245
160,95,0.00504693
160,100,-0.0350677
160,105,-0.126182
160,110,-0.250572
160,115,-0.388053
160,120,-0.518574
160,125,-0.626975
160,130,-0.709282
160,135,-0.778291
160,140,-0.865255
160,145,-1.01556
160,150,-1.27918
160,155,-1.69909
160,160,-2.30006
160,165,-3.07613
160,170,-3.97068
160,175,-4.84479
160,180,-5.4606
165,0,-4.82479
165,5,-4.39908
165,10,-3.84219
165,15,-3.26833
165,20,-2.76199
165,25,-2.37207
165,30,-2.11334
165,35,-1.96818
165,40,-1.89103
165,45,-1.81924
165,50,-1.69161
165,55,-1.47064
165,60,-1.15776
165,65,-0.789843
165,70,-0.41916
165,75,-0.0919871
165,80,0.162444
165,85,0.332283
165,90,0.418158
165,95,0.427805
165,100,0.372506
165,105,0.265685
165,110,0.122894
165,115,-0.0382092
165,120,-0.199407
165,125,-0.346
165,130,-0.473046
165,135,-0.591457
165,140,-0.730365
165,145,-0.933164
165,150,-1.24776
165,155,-1.71419
165,160,-2.35229
165,165,-3.14859
165,170,-4.03806
165,175,-4.88081
165,180,-5.4606
170,0,-4.82479
170,5,-4.41341
170,10,-3.87338
170,15,-3.30419
170,20,-2.78324
170,25,-2.35946
170,30,-2.05103
170,35,-1.84408
170,40,-1.69569
170,45,-1.54525
170,50,-1.33537
170,55,-1.03632
170,60,-0.659802
170,65,-0.250136
170,70,0.139552
170,75,0.468
170,80,0.713523
170,85,0.871326
170,90,0.946808
170,95,0.949462
170,100,0.889357
170,105,0.776399
170,110,0.621432
170,115,0.437574
170,120,0.240042
170,125,0.0431373
170,130,-0.145684
170,135,-0.332625
170,140,-0.54146
170,145,-0.811083
170,150,-1.1863
170,155,-1.70476
170,160,-2.38317
170,165,-3.20297
170,170,-4.09313
170,175,-4.91284
170,180,-5.4606
175,0,-4.82479
175,5,-4.42308
175,10,-3.88917
175,15,-3.31496
175,20,-2.77206
175,25,-2.30783
175,30,-1.94181
175,35,-1.66243
175,40,-1.42957
175,45,-1.18731
175,50,-0.886842
175,55,-0.510439
175,60,-0.0800708
175,65,0.356876
175,70,0.752037
175,75,1.07298
175,80,1.30682
175,85,1.45512
175,90,1.5263
175,95,1.52957
175,100,1.47201
175,105,1.3588
175,110,1.19533
175,115,0.989816
175,120,0.754168
175,125,0.502059
175,130,0.243616
175,135,-0.0217169
175,140,-0.310599
175,145,-0.655461
175,150,-1.09676
175,155,-1.66987
175,160,-2.38996
175,165,-3.2361
175,170,-4.13368
175,175,-4.94018
175,180,-5.4606
180,0,-4.82479
180,5,-4.42772
180,10,-3.88789
180,15,-3.29775
180,20,-2.72597
180,25,-2.2179
180,30,-1.79289
180,35,-1.44046
180,40,-1.12345
180,45,-0.792678
180,50,-0.410603
180,55,0.0281315
180,60,0.494638
180,65,0.943416
180,70,1.33428
180,75,1.6444
180,80,1.86847
180,85,2.01221
180,90,2.08487
180,95,2.09379
180,100,2.04245
180,105,1.93154
180,110,1.76197
180,115,1.53796
180,120,1.26861
180,125,0.966631
180,130,0.643804
180,135,0.304195
180,140,-0.0620389
180,145,-0.480218
180,150,-0.985506
180,155,-1.61081
180,160,-2.37105
180,165,-3.24541
180,170,-4.15785
180,175,-4.96227
180,180,-5.4606
185,0,-4.82479
185,5,-4.42713
185,10,-3.8684
185,15,-3.25059
185,20,-2.64398
185,25,-2.09272
185,30,-1.61482
185,35,-1.19966
185,40,-0.812897
185,45,-0.412919
185,50,0.0266092
185,55,0.501724
185,60,0.981683
185,65,1.42688
185,70,1.80637
185,75,2.10546
185,80,2.32363
185,85,2.46794
185,90,2.54629
185,95,2.56324
185,100,2.51896
185,105,2.41103
185,110,2.23769
185,115,2.00089
185,120,1.70791
185,125,1.37033
185,130,1.00013
185,135,0.603693
185,140,0.175941
185,145,-0.302314
185,150,-0.860883
185,155,-1.53012
185,160,-2.32565
185,165,-3.229
185,170,-4.16426
185,175,-4.97872
185,180,-5.4606
190,0,-4.82479
190,5,-4.42129
190,10,-3.83018
190,15,-3.1726
190,20,-2.52634
190,25,-1.93605
190,30,-1.4176
190,35,-0.958799
190,40,-0.527438
190,45,-0.0889563
190,50,0.374209
190,55,0.853717
190,60,1.32218
190,65,1.74856
190,70,2.11066
190,75,2.39917
190,80,2.61497
190,85,2.76352
190,90,2.8497
190,95,2.87492
190,100,2.83704
190,105,2.73231
190,110,2.5584
190,115,2.31695
190,120,2.01461
190,125,1.66182
190,130,1.26928
190,135,0.842998
190,140,0.379574
190,145,-0.13633
190,150,-0.730192
190,155,-1.43018
190,160,-2.25351
190,165,-3.18574
190,170,-4.1521
190,175,-4.98934
190,180,-5.4606
195,0,-4.82479
195,5,-4.41038
195,10,-3.77341
195,15,-3.06402
195,20,-2.37407
195,25,-1.75091
195,30,-1.20755
195,35,-0.728797
195,40,-0.283505
195,45,0.15742
195,50,0.606381
195,55,1.05595
195,60,1.48661
195,65,1.8777
195,70,2.21463
195,75,2.49063
195,80,2.70475
195,85,2.85833
195,90,2.9521
195,95,2.9846
195,100,2.95259
195,105,2.85281
195,110,2.6842
195,115,2.44966
195,120,2.15615
195,125,1.81283
195,130,1.42766
195,135,1.00365
195,140,0.535851
195,145,0.0099001
195,150,-0.597117
195,155,-1.31205
195,160,-2.1545
195,165,-3.1153
195,170,-4.12123
195,175,-4.99417
195,180,-5.4606
200,0,-4.82479
200,5,-4.39478
200,10,-3.69901
200,15,-2.92626
200,20,-2.18878
200,25,-1.53872
200,30,-0.985733
200,35,-0.510443
200,40,-0.0816151
200,45,0.326278
200,50,0.723941
200,55,1.10915
200,60,1.47373
200,65,1.80889
200,70,2.10713
200,75,2.36235
200,80,2.56954
200,85,2.72447
200,90,2.82326
200,95,2.86218
200,100,2.83803
200,105,2.74928
200,110,2.59731
200,115,2.38697
200,120,2.12553
200,125,1.8201
200,130,1.47433
200,135,1.08589
200,140,0.645618
200,145,0.13761
200,150,-0.460358
200,155,-1.17486
200,160,-2.02852
200,165,-3.01819
200,170,-4.07223
200,175,-4.99344
200,180,-5.4606
205,0,-4.82479
205,5,-4.37507
205,10,-3.60866
205,15,-2.76179
205,20,-1.97257
205,25,-1.29939
205,30,-0.748259
205,35,-0.294921
205,40,0.0928507
205,45,0.438531
205,50,0.753258
205,55,1.04216
205,60,1.31023
205,65,1.56203
205,70,1.7982
205,75,2.01368
205,80,2.19953
205,85,2.34607
205,90,2.44524
205,95,2.4916
205,100,2.48257
205,105,2.41859
205,110,2.30322
205,115,2.14239
205,120,1.94224
205,125,1.70603
205,130,1.43128
205,135,1.10876
205,140,0.723611
205,145,0.257002
205,150,-0.313847
205,155,-1.01605
205,160,-1.87568
205,165,-2.89583
205,170,-4.00638
205,175,-4.98762
205,180,-5.4606
210,0,-4.82479
210,5,-4.35203
210,10,-3.50469
210,15,-2.5742
210,20,-1.72833
210,25,-1.03229
210,30,-0.48828
210,35,-0.0669045
210,40,0.265672
210,45,0.53175
210,50,0.743188
210,55,0.911691
210,60,1.05451
210,65,1.19021
210,70,1.33019
210,75,1.47425
210,80,1.61311
210,85,1.73435
210,90,1.82734
210,95,1.8854
210,100,1.90595
210,105,1.88994
210,110,1.84066
210,115,1.76206
210,120,1.65598
210,125,1.51923
210,130,1.34175
210,135,1.10718
210,140,0.795357
210,145,0.384651
210,150,-0.148579
210,155,-0.832453
210,160,-1.69665
210,165,-2.75058
210,170,-3.92567
210,175,-4.97738
210,180,-5.4606
215,0,-4.82479
215,5,-4.32658
215,10,-3.39006
215,15,-2.36802
215,20,-1.46
215,25,-0.737641
215,30,-0.199093
215,35,0.190285
215,40,0.466591
215,45,0.651641
215,50,0.757159
215,55,0.798171
215,60,0.799951
215,65,0.792865
215,70,0.80118
215,75,0.835554
215,80,0.893783
215,85,0.966901
215,90,1.0452
215,95,1.12133
215,100,1.19078
215,105,1.25102
215,110,1.30016
215,115,1.33511
215,120,1.34943
215,125,1.33146
215,130,1.26383
215,135,1.12472
215,140,0.890727
215,145,0.538704
215,150,0.0443711
215,155,-0.621758
215,160,-1.49322
215,165,-2.58578
215,170,-3.83272
215,175,-4.9636
215,180,-5.4606
220,0,-4.82479
220,5,-4.29982
220,10,-3.26824
220,15,-2.14864
220,20,-1.1729
220,25,-0.417919
220,30,0.122559
220,35,0.488629
220,40,0.719694
220,45,0.838421
220,50,0.856143
220,55,0.787942
220,60,0.661363
220,65,0.512943
220,70,0.377729
220,75,0.280438
220,80,0.233142
220,85,0.238185
220,90,0.292178
220,95,0.388473
220,100,0.518126
220,105,0.67027
220,110,0.832338
220,115,0.989984
220,120,1.12658
220,125,1.2226
220,130,1.25558
220,135,1.20113
220,140,1.03479
220,145,0.732944
220,150,0.270522
220,155,-0.384064
220,160,-1.26872
220,165,-2.40571
220,170,-3.73069
220,175,-4.9473
220,180,-5.4606
225,0,-4.82479
225,5,-4.27291
225,10,-3.14303
225,15,-1.92214
225,20,-0.873783
225,25,-0.0786816
225,30,0.474157
225,35,0.830504
225,40,1.0344
225,45,1.11155
225,50,1.07441
225,55,0.937492
225,60,0.727259
225,65,0.480937
225,70,0.238391
225,75,0.0341835
225,80,-0.106349
225,85,-0.167746
225,90,-0.144273
225,95,-0.0398855
225,100,0.132587
225,105,0.353689
225,110,0.600329
225,115,0.848181
225,120,1.07276
225,125,1.24939
225,130,1.35287
225,135,1.3577
225,140,1.23885
225,145,0.971799
225,150,0.529545
225,155,-0.122802
225,160,-1.0282
225,165,-2.21547
225,170,-3.62314
225,175,-4.92963
225,180,-5.4606
230,0,-4.82479
230,5,-4.24712
230,10,-3.01849
230,15,-1.69505
230,20,-0.570652
230,25,0.271433
230,30,0.846897
230,35,1.20704
230,40,1.40152
230,45,1.4613
230,50,1.40246
230,55,1.24066
230,60,1.00152
230,65,0.720908
230,70,0.438499
230,75,0.190823
230,80,0.00718542
230,85,-0.0920072
230,90,-0.0964196
230,95,-0.00690194
230,100,0.164696
230,105,0.397837
230,110,0.666893
230,115,0.944354
230,120,1.2026
230,125,1.41428
230,130,1.55199
230,135,1.58833
230,140,1.49623
230,145,1.24854
230,150,0.814679
230,155,0.155225
230,160,-0.778228
230,165,-2.02081
230,170,-3.51395
230,175,-4.91184
230,180,-5.4606
235,0,-4.82479
235,5,-4.22373
235,10,-2.89875
235,15,-1.47408
235,20,-0.272308
235,25,0.621506
235,30,1.22712
235,35,1.60046
235,40,1.79679
235,45,1.85351
235,50,1.79225
235,55,1.6317
235,60,1.39789
235,65,1.12539
235,70,0.851609
235,75,0.61004
235,80,0.426405
235,85,0.317849
235,90,0.293288
235,95,0.353493
235,100,0.49113
235,105,0.691523
235,110,0.934296
235,115,1.19524
235,120,1.44771
235,125,1.66323
235,130,1.81189
235,135,1.86289
235,140,1.78527
235,145,1.5475
235,150,1.11413
235,155,0.440643
235,160,-0.526518
235,165,-1.82783
235,170,-3.40711
235,175,-4.89524
235,180,-5.4606
240,0,-4.82479
240,5,-4.20401
240,10,-2.7879
240,15,-1.26588
240,20,0.0122002
240,25,0.959602
240,30,1.59889
240,35,1.98899
240,40,2.18959
240,45,2.24433
240,50,2.18106
240,55,2.0225
240,60,1.79602
240,65,1.53555
240,70,1.27643
240,75,1.04874
240,80,0.873495
240,85,0.762949
240,90,0.722856
240,95,0.754313
240,100,0.854173
240,105,1.01455
240,110,1.22224
240,115,1.45855
240,120,1.69938
240,125,1.91573
240,130,2.07459
240,135,2.1406
240,140,2.07766
240,145,1.8489
240,150,1.4137
240,155,0.722812
240,160,-0.281284
240,165,-1.64279
240,170,-3.30665
240,175,-4.8811
240,180,-5.4606
245,0,-4.82479
245,5,-4.18917
245,10,-2.68988
245,15,-1.07684
245,20,0.274125
245,25,1.27405
245,30,1.94675
245,35,2.35203
245,40,2.55197
245,45,2.59519
245,50,2.51535
245,55,2.33959
245,60,2.09745
245,65,1.82349
245,70,1.55299
245,75,1.31535
245,80,1.12995
245,85,1.00672
245,90,0.949554
245,95,0.959566
245,100,1.03615
245,105,1.17601
245,110,1.37111
245,115,1.60663
245,120,1.8597
245,125,2.09931
245,130,2.28799
245,135,2.38467
245,140,2.34743
245,145,2.1341
245,150,1.69953
245,155,0.991158
245,160,-0.0506764
245,165,-1.47178
245,170,-3.21648
245,175,-4.87069
245,180,-5.4606
250,0,-4.82479
250,5,-4.18034
250,10,-2.60838
250,15,-0.91284
250,20,0.505454
250,25,1.55445
250,30,2.25759
250,35,2.67352
250,40,2.8644
250,45,2.88158
250,50,2.76328
250,55,2.54078
250,60,2.24638
250,65,1.91678
250,70,1.59006
250,75,1.29928
250,80,1.0675
250,85,0.90729
250,90,0.824064
250,95,0.819964
250,100,0.895684
250,105,1.04951
250,110,1.27446
250,115,1.55509
250,120,1.86524
250,125,2.16822
250,130,2.41963
250,135,2.57168
250,140,2.57693
250,145,2.38905
250,150,1.96009
250,155,1.23616
250,160,0.157678
250,165,-1.32058
250,170,-3.1403
250,175,-4.86516
250,180,-5.4606
255,0,-4.82479
255,5,-4.17851
255,10,-2.54674
255,15,-0.779204
255,20,0.699176
255,25,1.79217
255,30,2.52157
255,35,2.94333
255,40,3.11739
255,45,3.09516
255,50,2.91693
255,55,2.61649
255,60,2.22821
255,65,1.79136
255,70,1.34903
255,75,0.942961
255,80,0.607673
255,85,0.367416
255,90,0.23684
255,95,0.223405
255,100,0.328798
255,105,0.548097
255,110,0.867275
255,115,1.2607
255,120,1.69044
255,125,2.10843
255,130,2.46117
255,135,2.69492
255,140,2.75899
255,145,2.60568
255,150,2.18691
255,155,1.44985
255,160,0.336942
255,165,-1.19448
255,170,-3.08152
255,175,-4.86555
255,180,-5.4606
260,0,-4.82479
260,5,-4.18449
260,10,-2.50792
260,15,-0.680593
260,20,0.849367
260,25,1.98044
260,30,2.73204
260,35,3.15657
260,40,3.31016
260,45,3.24145
260,50,2.98921
260,55,2.58608
260,60,2.06513
260,65,1.46522
260,70,0.833132
260,75,0.222273
260,80,-0.311049
260,85,-0.712928
260,90,-0.938647
260,95,-0.960492
260,100,-0.774301
260,105,-0.401326
260,110,0.115777
260,115,0.720366
260,120,1.34926
260,125,1.93862
260,130,2.42811
260,135,2.7633
260,140,2.89587
260,145,2.78126
260,150,2.37447
260,155,1.6258
260,160,0.481154
260,165,-1.09827
260,170,-3.04317
260,175,-4.87272
260,180,-5.4606
265,0,-4.82479
265,5,-4.19888
265,10,-2.49444
265,15,-0.621003
265,20,0.951147
265,25,2.11415
265,30,2.88478
265,35,3.31202
265,40,3.44752
265,45,3.33502
265,50,3.00804
265,55,2.49301
265,60,1.81508
265,65,1.00405
265,70,0.0997827
265,75,-0.841329
265,80,-1.73729
265,85,-2.47314
265,90,-2.91256
265,95,-2.94786
265,100,-2.56569
265,105,-1.85774
265,110,-0.96321
265,115,-0.010164
265,120,0.904669
265,125,1.71118
265,130,2.35634
265,135,2.79718
265,140,2.99604
265,145,2.9165
265,150,2.51926
265,155,1.75886
265,160,0.585174
265,165,-1.03612
265,170,-3.02787
265,175,-4.88731
265,180,-5.4606
270,0,-4.82479
270,5,-4.22206
270,10,-2.50831
270,15,-0.60378
270,20,1.00054
270,25,2.18941
270,30,2.97711
270,35,3.41006
270,40,3.53601
270,45,3.39323
270,50,3.0079
270,55,2.39624
270,60,1.5687
270,65,0.533757
270,70,-0.698467
270,75,-2.10727
270,80,-3.63254
270,85,-5.10022
270,90,-6.11599
270,95,-6.18271
270,100,-5.24719
270,105,-3.77944
270,110,-2.21778
270,115,-0.772176
270,120,0.479619
270,125,1.50752
270,130,2.29376
270,135,2.82121
270,140,3.06952
270,145,3.013
270,150,2.61858
270,155,1.8447
270,160,0.644566
270,165,-1.01164
270,170,-3.03776
270,175,-4.90974
270,180,-5.4606
275,0,-4.82479
275,5,-4.25413
275,10,-2.55102
275,15,-0.631647
275,20,0.9943
275,25,2.20315
275,30,3.00692
275,35,3.45078
275,40,3.58023
275,45,3.42951
275,50,3.01836
275,55,2.35328
275,60,1.42963
275,65,0.231033
275,70,-1.27664
275,75,-3.15731
275,80,-5.51605
275,85,-8.44463
275,90,-11.4072
275,95,-11.5618
275,100,-8.64349
275,105,-5.62936
275,110,-3.19886
275,115,-1.27788
275,120,0.238828
275,125,1.41557
275,130,2.28415
275,135,2.8549
275,140,3.12291
275,145,3.0708
275,150,2.66948
275,155,1.87932
275,160,0.655461
275,165,-1.02786
275,170,-3.07442
275,175,-4.94013
275,180,-5.4606
280,0,-4.82479
280,5,-4.29489
280,10,-2.62342
280,15,-0.706717
280,20,0.929751
280,25,2.15272
280,30,2.97193
280,35,3.43269
280,40,3.58037
280,45,3.44793
280,50,3.05248
280,55,2.39642
280,60,1.46935
280,65,0.246513
280,70,-1.32033
280,75,-3.32475
280,80,-5.95046
280,85,-9.53693
280,90,-14.0865
280,95,-14.1394
280,100,-9.55026
280,105,-5.90958
280,110,-3.25407
280,115,-1.2442
280,120,0.304909
280,125,1.48684
280,130,2.3471
280,135,2.90357
280,140,3.15542
280,145,3.08671
280,150,2.66802
280,155,1.85882
280,160,0.61447
280,165,-1.08718
280,170,-3.13884
280,175,-4.97831
280,180,-5.4606
285,0,-4.82479
285,5,-4.34384
285,10,-2.72574
285,15,-0.830477
285,20,0.804664
285,25,2.03557
285,30,2.86934
285,35,3.35218
285,40,3.5312
285,45,3.441
285,50,3.10052
285,55,2.51531
285,60,1.68158
285,65,0.58896
285,70,-0.778488
285,75,-2.43882
285,80,-4.38705
285,85,-6.47728
285,90,-8.07343
285,95,-8.02604
285,100,-6.36853
285,105,-4.25888
285,110,-2.31436
285,115,-0.673928
285,120,0.658875
285,125,1.70139
285,130,2.46585
285,135,2.95435
285,140,3.15757
285,145,3.05381
285,150,2.60904
285,155,1.77927
285,160,0.518678
285,165,-1.19135
285,170,-3.23131
285,175,-5.02378
285,180,-5.4606
290,0,-4.82479
290,5,-4.40015
290,10,-2.85737
290,15,-1.0037
290,20,0.617222
290,25,1.8492
290,30,2.69561
290,35,3.2036
290,40,3.42286
290,45,3.39136
290,50,3.13278
290,55,2.66019
290,60,1.98235
290,65,1.11049
290,70,0.0661622
290,75,-1.10579
290,80,-2.31209
290,85,-3.37243
290,90,-4.01006
290,95,-3.9808
290,100,-3.29704
290,105,-2.21613
290,110,-1.01259
290,115,0.139353
290,120,1.15044
290,125,1.97662
290,130,2.59293
290,135,2.97941
290,140,3.11291
290,145,2.96229
290,150,2.48654
290,155,1.63684
290,160,0.365744
290,165,-1.34131
290,170,-3.35132
290,175,-5.07573
290,180,-5.4606
295,0,-4.82479
295,5,-4.46267
295,10,-3.01681
295,15,-1.2263
295,20,0.366118
295,25,1.59113
295,30,2.44669
295,35,2.97993
295,40,3.24267
295,45,3.27624
295,50,3.10935
295,55,2.76272
295,60,2.256
295,65,1.61487
295,70,0.877585
295,75,0.101655
295,80,-0.630603
295,85,-1.21328
295,90,-1.53614
295,95,-1.52628
295,100,-1.18746
295,105,-0.598187
295,110,0.129459
295,115,0.890331
295,120,1.60325
295,125,2.21021
295,130,2.6689
295,135,2.9444
295,140,3.00188
295,145,2.80115
295,150,2.29436
295,155,1.42818
295,160,0.154121
295,165,-1.53702
295,170,-3.49741
295,175,-5.13298
295,180,-5.4606
300,0,-4.82479
300,5,-4.52991
300,10,-3.2015
300,15,-1.497
300,20,0.0508264
300,25,1.25915
300,30,2.11834
300,35,2.67361
300,40,2.97725
300,45,3.07231
300,50,2.9907
300,55,2.75817
300,60,2.40067
300,65,1.94945
300,70,1.44413
300,75,0.933572
300,80,0.474
300,85,0.123408
300,90,-0.0684687
300,95,-0.0723997
300,100,0.111396
300,105,0.453143
300,110,0.902364
300,115,1.40016
300,120,1.88898
300,125,2.31745
300,130,2.64067
300,135,2.81746
300,140,2.8061
300,145,2.56026
300,150,2.02727
300,155,1.15094
300,160,-0.116556
300,165,-1.77711
300,170,-3.66704
300,175,-5.19402
300,180,-5.4606
305,0,-4.82479
305,5,-4.6001
305,10,-3.40756
305,15,-1.81288
305,20,-0.327859
305,25,0.851946
305,30,1.70688
305,35,2.27763
305,40,2.61447
305,45,2.75946
305,50,2.7448
305,55,2.59796
305,60,2.34722
305,65,2.02485
305,70,1.66741
305,75,1.31407
305,80,1.00356
305,85,0.770477
305,90,0.641327
305,95,0.631026
305,100,0.740528
305,105,0.956377
305,110,1.25244
305,115,1.59332
305,120,1.93841
305,125,2.24532
305,130,2.47177
305,135,2.57544
305,140,2.51195
305,145,2.23234
305,150,1.68203
305,155,0.804538
305,160,-0.4449
305,165,-2.0585
305,170,-3.85636
305,175,-5.25706
305,180,-5.4606
310,0,-4.82479
310,5,-4.6712
310,10,-3.62969
310,15,-2.16878
310,20,-0.766912
310,25,0.3701
310,30,1.21034
310,35,1.78705
310,40,2.14547
310,45,2.32361
310,50,2.35085
310,55,2.25344
310,60,2.05974
310,65,1.80214
310,70,1.51579
310,75,1.23565
310,80,0.993234
310,85,0.814022
310,90,0.715861
310,95,0.708079
310,100,0.79106
310,105,0.956089
310,110,1.18553
310,115,1.4536
310,120,1.72793
310,125,1.97163
310,130,2.14511
310,135,2.20694
310,140,2.11302
310,145,1.81479
310,150,1.25882
310,155,0.391217
310,160,-0.82694
310,165,-2.3758
310,170,-4.0601
310,175,-5.32002
310,180,-5.4606
315,0,-4.82479
315,5,-4.74097
315,10,-3.86095
315,15,-2.55637
315,20,-1.25966
315,25,-0.182106
315,30,0.630666
315,35,1.20146
315,40,1.56743
315,45,1.75966
315,50,1.80195
315,55,1.71711
315,60,1.53246
315,65,1.28132
315,70,1.00084
315,75,0.728004
315,80,0.495503
315,85,0.328699
315,90,0.244037
315,95,0.248686
315,100,0.34086
315,105,0.510365
315,110,0.739158
315,115,1.00204
315,120,1.2678
315,125,1.5008
315,130,1.66279
315,135,1.71389
315,140,1.61207
315,145,1.31164
315,150,0.762972
315,155,-0.0824841
315,160,-1.25497
315,165,-2.72064
315,170,-4.27145
315,175,-5.38064
315,180,-5.4606
320,0,-4.82479
320,5,-4.80709
320,10,-4.09277
320,15,-2.96323
320,20,-1.79377
320,25,-0.793895
320,30,-0.0229116
320,35,0.529061
320,40,0.888364
320,45,1.07673
320,50,1.11041
320,55,1.00733
320,60,0.793236
320,65,0.503342
320,70,0.179717
320,75,-0.133764
320,80,-0.397137
320,85,-0.57916
320,90,-0.660317
320,95,-0.633827
320,100,-0.505042
320,105,-0.28985
320,110,-0.0126334
320,115,0.295832
320,120,0.600442
320,125,0.863755
320,130,1.04764
320,135,1.11398
320,140,1.02397
320,145,0.736382
320,150,0.207421
320,155,-0.603685
320,160,-1.7161
320,165,-3.08095
320,170,-4.482
320,175,-5.43656
320,180,-5.4606
325,0,-4.82479
325,5,-4.86719
325,10,-4.31511
325,15,-3.37193
325,20,-2.34871
325,25,-1.444
325,30,-0.728604
325,35,-0.206936
325,40,0.134592
325,45,0.306959
325,50,0.318128
325,55,0.18088
325,60,-0.0804425
325,65,-0.428063
325,70,-0.813696
325,75,-1.18484
325,80,-1.49251
325,85,-1.69819
325,90,-1.77841
325,95,-1.72623
325,100,-1.55057
325,105,-1.2738
325,110,-0.928285
325,115,-0.55254
325,120,-0.187554
325,125,0.125992
325,130,0.349345
325,135,0.44593
325,140,0.380203
325,145,0.115898
325,150,-0.383919
325,155,-1.1506
325,160,-2.1906
325,165,-3.44043
325,170,-4.68205
325,175,-5.48542
325,180,-5.4606
330,0,-4.82479
330,5,-4.91905
330,10,-4.51695
330,15,-3.7598
330,20,-2.89336
330,25,-2.096
330,30,-1.44548
330,35,-0.960101
330,40,-0.639485
330,45,-0.48302
330,50,-0.48955
330,55,-0.6493
330,60,-0.937229
330,65,-1.31177
330,70,-1.71929
330,75,-2.10284
330,80,-2.41226
330,85,-2.61148
330,90,-2.68074
330,95,-2.61516
330,100,-2.42294
330,105,-2.1245
330,110,-1.75146
330,115,-1.34374
330,120,-0.945118
330,125,-0.599074
330,130,-0.346201
330,135,-0.223553
330,140,-0.265504
330,145,-0.504975
330,150,-0.972642
330,155,-1.6901
330,160,-2.65074
330,165,-3.77861
330,170,-4.86103
330,175,-5.525
330,180,-5.4606
335,0,-4.82479
335,5,-4.96067
335,10,-4.68711
335,15,-4.09997
335,20,-3.3854
335,25,-2.69521
335,30,-2.10836
335,35,-1.65464
335,40,-1.34522
335,45,-1.18695
335,50,-1.18093
335,55,-1.31508
335,60,-1.55934
335,65,-1.8675
335,70,-2.18605
335,75,-2.46691
335,80,-2.67762
335,85,-2.80336
335,90,-2.8409
335,95,-2.79079
335,100,-2.65404
335,105,-2.43472
335,110,-2.14542
335,115,-1.81075
335,120,-1.46634
335,125,-1.15425
335,130,-0.917994
335,135,-0.799151
335,140,-0.835834
335,145,-1.06189
335,150,-1.50456
335,155,-2.17712
335,160,-3.06124
335,165,-4.07198
335,170,-5.00837
335,175,-5.55334
335,180,-5.4606
340,0,-4.82479
340,5,-4.99043
340,10,-4.81553
340,15,-4.36453
340,20,-3.77526
340,25,-3.17239
340,30,-2.63187
340,35,-2.19165
340,40,-1.87111
340,45,-1.67967
340,50,-1.61468
340,55,-1.65665
340,60,-1.76951
340,65,-1.90863
340,70,-2.03426
340,75,-2.12336
340,80,-2.17243
340,85,-2.19039
340,90,-2.18786
340,95,-2.16902
340,100,-2.12905
340,105,-2.05691
340,110,-1.94203
340,115,-1.78264
340,120,-1.59192
340,125,-1.39912
340,130,-1.24553
340,135,-1.17804
340,140,-1.24267
340,145,-1.47914
340,150,-1.91536
340,155,-2.55917
340,160,-3.38303
340,165,-4.29679
340,170,-5.11463
340,175,-5.56891
340,180,-5.4606
345,0,-4.82479
345,5,-5.00719
345,10,-4.89456
345,15,-4.52982
345,20,-4.01697
345,25,-3.46023
345,30,-2.93314
345,35,-2.47987
345,40,-2.12442
345,45,-1.87429
345,50,-1.71934
345,55,-1.63274
345,60,-1.57839
345,65,-1.52395
345,70,-1.45278
345,75,-1.36743
345,80,-1.28333
345,85,-1.21872
345,90,-1.18672
345,95,-1.19151
345,100,-1.22739
345,105,-1.27964
345,110,-1.32773
345,115,-1.35184
345,120,-1.34208
345,125,-1.307
345,130,-1.27638
345,135,-1.2964
345,140,-1.41949
345,145,-1.69271
345,150,-2.14725
345,155,-2.78818
345,160,-3.58121
345,165,-4.43324
345,170,-5.17273
345,175,-5.57063
345,180,-5.4606
350,0,-4.82479
350,5,-5.01034
350,10,-4.9202
350,15,-4.5825
350,20,-4.08351
350,25,-3.52017
350,30,-2.96951
350,35,-2.48197
350,40,-2.08325
350,45,-1.7758
350,50,-1.54124
350,55,-1.34781
350,60,-1.16364
350,65,-0.970503
350,70,-0.769958
350,75,-0.578849
350,80,-0.419187
350,85,-0.309617
350,90,-0.261461
350,95,-0.277916
350,100,-0.354026
350,105,-0.47637
350,110,-0.623464
350,115,-0.769225
350,120,-0.891332
350,125,-0.982832
350,130,-1.06102
350,135,-1.16711
350,140,-1.35578
350,145,-1.67926
350,150,-2.1719
350,155,-2.8371
350,160,-3.63524
350,165,-4.47007
350,170,-5.17905
350,175,-5.55804
350,180,-5.4606
355,0,-4.82479
355,5,-4.99988
355,10,-4.89269
355,15,-4.52343
355,20,-3.9781
355,25,-3.36208
355,30,-2.76283
355,35,-2.2365
355,40,-1.80722
355,45,-1.47014
355,50,-1.19826
355,55,-0.955024
355,60,-0.710587
355,65,-0.454464
355,70,-0.19706
355,75,0.0390284
355,80,0.230107
355,85,0.358344
355,90,0.413714
355,95,0.393528
355,100,0.302144
355,105,0.151785
355,110,-0.0367008
355,115,-0.235859
355,120,-0.419096
355,125,-0.573097
355,130,-0.709356
355,135,-0.866617
355,140,-1.10094
355,145,-1.46786
355,150,-2.00393
355,155,-2.71143
355,160,-3.54623
355,165,-4.40747
355,170,-5.13394
355,175,-5.53128
355,180,-5.4606
360,0,-4.82479
360,5,-4.97636
360,10,-4.81645
360,15,-4.36732
360,20,-3.73268
360,25,-3.03877
360,30,-2.38559
360,35,-1.8315
360,40,-1.39538
360,45,-1.06378
360,50,-0.80106
360,55,-0.564597
360,60,-0.322253
360,65,-0.0643342
360,70,0.196749
360,75,0.436784
360,80,0.631309
360,85,0.762249
360,90,0.819447
360,95,0.800002
360,100,0.708025
360,105,0.555642
360,110,0.363951
360,115,0.161044
360,120,-0.0257363
360,125,-0.182842
360,130,-0.322723
360,135,-0.48651
360,140,-0.733601
360,145,-1.12287
360,150,-1.69304
360,155,-2.44646
360,160,-3.33636
360,165,-4.25695
360,170,-5.04161
360,175,-5.49106
360,180,-5.4606
